<annotation>
	<folder>4</folder>
	<filename>397.jpg</filename>
	<path>/home/sid/Desktop/DATA_LABELING_TASK/4/397.jpg</path>
	<source>
		<database>Unknown</database>
	</source>
	<size>
		<width>600</width>
		<height>450</height>
		<depth>3</depth>
	</size>
	<segmented>0</segmented>
	<object>
		<name>buoy_red</name>
		<pose>Unspecified</pose>
		<truncated>0</truncated>
		<difficult>0</difficult>
		<bndbox>
			<xmin>199</xmin>
			<ymin>170</ymin>
			<xmax>219</xmax>
			<ymax>195</ymax>
		</bndbox>
	</object>
</annotation>
