<annotation>
	<folder>4</folder>
	<filename>398.jpg</filename>
	<path>/home/sid/Desktop/DATA_LABELING_TASK/4/398.jpg</path>
	<source>
		<database>Unknown</database>
	</source>
	<size>
		<width>600</width>
		<height>450</height>
		<depth>3</depth>
	</size>
	<segmented>0</segmented>
	<object>
		<name>buoy_red</name>
		<pose>Unspecified</pose>
		<truncated>0</truncated>
		<difficult>0</difficult>
		<bndbox>
			<xmin>283</xmin>
			<ymin>288</ymin>
			<xmax>303</xmax>
			<ymax>312</ymax>
		</bndbox>
	</object>
</annotation>
