<annotation>
	<folder>4</folder>
	<filename>500.jpg</filename>
	<path>/home/sid/Desktop/DATA_LABELING_TASK/4/500.jpg</path>
	<source>
		<database>Unknown</database>
	</source>
	<size>
		<width>600</width>
		<height>450</height>
		<depth>3</depth>
	</size>
	<segmented>0</segmented>
	<object>
		<name>buoy_red</name>
		<pose>Unspecified</pose>
		<truncated>0</truncated>
		<difficult>0</difficult>
		<bndbox>
			<xmin>363</xmin>
			<ymin>211</ymin>
			<xmax>394</xmax>
			<ymax>240</ymax>
		</bndbox>
	</object>
</annotation>
