<annotation>
	<folder>4</folder>
	<filename>502.jpg</filename>
	<path>/home/sid/Desktop/DATA_LABELING_TASK/4/502.jpg</path>
	<source>
		<database>Unknown</database>
	</source>
	<size>
		<width>600</width>
		<height>450</height>
		<depth>3</depth>
	</size>
	<segmented>0</segmented>
	<object>
		<name>buoy_red</name>
		<pose>Unspecified</pose>
		<truncated>0</truncated>
		<difficult>0</difficult>
		<bndbox>
			<xmin>328</xmin>
			<ymin>229</ymin>
			<xmax>359</xmax>
			<ymax>260</ymax>
		</bndbox>
	</object>
</annotation>
