<annotation>
	<folder>4</folder>
	<filename>514.jpg</filename>
	<path>/home/sid/Desktop/DATA_LABELING_TASK/4/514.jpg</path>
	<source>
		<database>Unknown</database>
	</source>
	<size>
		<width>640</width>
		<height>480</height>
		<depth>3</depth>
	</size>
	<segmented>0</segmented>
	<object>
		<name>buoy_red</name>
		<pose>Unspecified</pose>
		<truncated>0</truncated>
		<difficult>0</difficult>
		<bndbox>
			<xmin>348</xmin>
			<ymin>192</ymin>
			<xmax>366</xmax>
			<ymax>217</ymax>
		</bndbox>
	</object>
	<object>
		<name>buoy_green</name>
		<pose>Unspecified</pose>
		<truncated>0</truncated>
		<difficult>0</difficult>
		<bndbox>
			<xmin>269</xmin>
			<ymin>220</ymin>
			<xmax>288</xmax>
			<ymax>240</ymax>
		</bndbox>
	</object>
	<object>
		<name>buoy_yellow</name>
		<pose>Unspecified</pose>
		<truncated>0</truncated>
		<difficult>0</difficult>
		<bndbox>
			<xmin>174</xmin>
			<ymin>230</ymin>
			<xmax>190</xmax>
			<ymax>251</ymax>
		</bndbox>
	</object>
	<object>
		<name>path</name>
		<pose>Unspecified</pose>
		<truncated>0</truncated>
		<difficult>0</difficult>
		<bndbox>
			<xmin>246</xmin>
			<ymin>321</ymin>
			<xmax>273</xmax>
			<ymax>354</ymax>
		</bndbox>
	</object>
</annotation>
