<annotation>
	<folder>4</folder>
	<filename>526.jpg</filename>
	<path>/home/sid/Desktop/DATA_LABELING_TASK/4/526.jpg</path>
	<source>
		<database>Unknown</database>
	</source>
	<size>
		<width>640</width>
		<height>480</height>
		<depth>3</depth>
	</size>
	<segmented>0</segmented>
	<object>
		<name>buoy_yellow</name>
		<pose>Unspecified</pose>
		<truncated>0</truncated>
		<difficult>0</difficult>
		<bndbox>
			<xmin>324</xmin>
			<ymin>306</ymin>
			<xmax>363</xmax>
			<ymax>346</ymax>
		</bndbox>
	</object>
	<object>
		<name>buoy_green</name>
		<pose>Unspecified</pose>
		<truncated>0</truncated>
		<difficult>0</difficult>
		<bndbox>
			<xmin>528</xmin>
			<ymin>283</ymin>
			<xmax>578</xmax>
			<ymax>331</ymax>
		</bndbox>
	</object>
	<object>
		<name>gate</name>
		<pose>Unspecified</pose>
		<truncated>0</truncated>
		<difficult>0</difficult>
		<bndbox>
			<xmin>384</xmin>
			<ymin>155</ymin>
			<xmax>575</xmax>
			<ymax>271</ymax>
		</bndbox>
	</object>
</annotation>
