<annotation>
	<folder>4</folder>
	<filename>527.jpg</filename>
	<path>/home/sid/Desktop/DATA_LABELING_TASK/4/527.jpg</path>
	<source>
		<database>Unknown</database>
	</source>
	<size>
		<width>640</width>
		<height>480</height>
		<depth>3</depth>
	</size>
	<segmented>0</segmented>
	<object>
		<name>buoy_yellow</name>
		<pose>Unspecified</pose>
		<truncated>0</truncated>
		<difficult>0</difficult>
		<bndbox>
			<xmin>443</xmin>
			<ymin>342</ymin>
			<xmax>491</xmax>
			<ymax>386</ymax>
		</bndbox>
	</object>
</annotation>
