<annotation>
	<folder>4</folder>
	<filename>6-gate00251.jpg</filename>
	<path>/home/sid/Desktop/DATA_LABELING_TASK/4/6-gate00251.jpg</path>
	<source>
		<database>Unknown</database>
	</source>
	<size>
		<width>320</width>
		<height>258</height>
		<depth>3</depth>
	</size>
	<segmented>0</segmented>
	<object>
		<name>pipe_h</name>
		<pose>Unspecified</pose>
		<truncated>0</truncated>
		<difficult>0</difficult>
		<bndbox>
			<xmin>20</xmin>
			<ymin>184</ymin>
			<xmax>193</xmax>
			<ymax>192</ymax>
		</bndbox>
	</object>
	<object>
		<name>pipe_h</name>
		<pose>Unspecified</pose>
		<truncated>0</truncated>
		<difficult>0</difficult>
		<bndbox>
			<xmin>193</xmin>
			<ymin>193</ymin>
			<xmax>197</xmax>
			<ymax>257</ymax>
		</bndbox>
	</object>
</annotation>
