<annotation>
	<folder>4</folder>
	<filename>6-gate00261.jpg</filename>
	<path>/home/sid/Desktop/DATA_LABELING_TASK/4/6-gate00261.jpg</path>
	<source>
		<database>Unknown</database>
	</source>
	<size>
		<width>320</width>
		<height>258</height>
		<depth>3</depth>
	</size>
	<segmented>0</segmented>
	<object>
		<name>pipe_h</name>
		<pose>Unspecified</pose>
		<truncated>0</truncated>
		<difficult>0</difficult>
		<bndbox>
			<xmin>11</xmin>
			<ymin>174</ymin>
			<xmax>198</xmax>
			<ymax>184</ymax>
		</bndbox>
	</object>
	<object>
		<name>pipe_v</name>
		<pose>Unspecified</pose>
		<truncated>1</truncated>
		<difficult>0</difficult>
		<bndbox>
			<xmin>193</xmin>
			<ymin>187</ymin>
			<xmax>203</xmax>
			<ymax>258</ymax>
		</bndbox>
	</object>
</annotation>
