<annotation>
	<folder>4</folder>
	<filename>6-gate00191.jpg</filename>
	<path>/home/sid/Desktop/DATA_LABELING_TASK/4/6-gate00191.jpg</path>
	<source>
		<database>Unknown</database>
	</source>
	<size>
		<width>320</width>
		<height>258</height>
		<depth>3</depth>
	</size>
	<segmented>0</segmented>
	<object>
		<name>gate</name>
		<pose>Unspecified</pose>
		<truncated>0</truncated>
		<difficult>0</difficult>
		<bndbox>
			<xmin>9</xmin>
			<ymin>202</ymin>
			<xmax>183</xmax>
			<ymax>255</ymax>
		</bndbox>
	</object>
</annotation>
