<annotation>
	<folder>4</folder>
	<filename>6-gate00321.jpg</filename>
	<path>/home/sid/Desktop/DATA_LABELING_TASK/4/6-gate00321.jpg</path>
	<source>
		<database>Unknown</database>
	</source>
	<size>
		<width>320</width>
		<height>258</height>
		<depth>3</depth>
	</size>
	<segmented>0</segmented>
	<object>
		<name>pipe_h</name>
		<pose>Unspecified</pose>
		<truncated>1</truncated>
		<difficult>0</difficult>
		<bndbox>
			<xmin>1</xmin>
			<ymin>136</ymin>
			<xmax>181</xmax>
			<ymax>154</ymax>
		</bndbox>
	</object>
	<object>
		<name>pipe_v</name>
		<pose>Unspecified</pose>
		<truncated>1</truncated>
		<difficult>0</difficult>
		<bndbox>
			<xmin>177</xmin>
			<ymin>154</ymin>
			<xmax>188</xmax>
			<ymax>258</ymax>
		</bndbox>
	</object>
</annotation>
