<annotation>
	<folder>4</folder>
	<filename>6-gate00081.jpg</filename>
	<path>/home/sid/Desktop/DATA_LABELING_TASK/4/6-gate00081.jpg</path>
	<source>
		<database>Unknown</database>
	</source>
	<size>
		<width>320</width>
		<height>258</height>
		<depth>3</depth>
	</size>
	<segmented>0</segmented>
	<object>
		<name>gate</name>
		<pose>Unspecified</pose>
		<truncated>0</truncated>
		<difficult>0</difficult>
		<bndbox>
			<xmin>30</xmin>
			<ymin>224</ymin>
			<xmax>159</xmax>
			<ymax>256</ymax>
		</bndbox>
	</object>
</annotation>
