<annotation>
	<folder>4</folder>
	<filename>6-gate00361.jpg</filename>
	<path>/home/sid/Desktop/DATA_LABELING_TASK/4/6-gate00361.jpg</path>
	<source>
		<database>Unknown</database>
	</source>
	<size>
		<width>320</width>
		<height>258</height>
		<depth>3</depth>
	</size>
	<segmented>0</segmented>
	<object>
		<name>pipe_h</name>
		<pose>Unspecified</pose>
		<truncated>0</truncated>
		<difficult>0</difficult>
		<bndbox>
			<xmin>3</xmin>
			<ymin>100</ymin>
			<xmax>221</xmax>
			<ymax>115</ymax>
		</bndbox>
	</object>
	<object>
		<name>pipe_v</name>
		<pose>Unspecified</pose>
		<truncated>1</truncated>
		<difficult>0</difficult>
		<bndbox>
			<xmin>211</xmin>
			<ymin>110</ymin>
			<xmax>235</xmax>
			<ymax>258</ymax>
		</bndbox>
	</object>
</annotation>
