<annotation>
	<folder>4</folder>
	<filename>6-gate00291.jpg</filename>
	<path>/home/sid/Desktop/DATA_LABELING_TASK/4/6-gate00291.jpg</path>
	<source>
		<database>Unknown</database>
	</source>
	<size>
		<width>320</width>
		<height>258</height>
		<depth>3</depth>
	</size>
	<segmented>0</segmented>
	<object>
		<name>pipe_h</name>
		<pose>Unspecified</pose>
		<truncated>0</truncated>
		<difficult>0</difficult>
		<bndbox>
			<xmin>5</xmin>
			<ymin>162</ymin>
			<xmax>188</xmax>
			<ymax>170</ymax>
		</bndbox>
	</object>
	<object>
		<name>pipe_v</name>
		<pose>Unspecified</pose>
		<truncated>0</truncated>
		<difficult>0</difficult>
		<bndbox>
			<xmin>185</xmin>
			<ymin>172</ymin>
			<xmax>195</xmax>
			<ymax>257</ymax>
		</bndbox>
	</object>
</annotation>
