<annotation>
	<folder>4</folder>
	<filename>7-buoy00401.jpg</filename>
	<path>/home/sid/Desktop/DATA_LABELING_TASK/4/7-buoy00401.jpg</path>
	<source>
		<database>Unknown</database>
	</source>
	<size>
		<width>1280</width>
		<height>738</height>
		<depth>3</depth>
	</size>
	<segmented>0</segmented>
	<object>
		<name>buoy_yellow</name>
		<pose>Unspecified</pose>
		<truncated>0</truncated>
		<difficult>0</difficult>
		<bndbox>
			<xmin>383</xmin>
			<ymin>326</ymin>
			<xmax>453</xmax>
			<ymax>399</ymax>
		</bndbox>
	</object>
	<object>
		<name>buoy_red</name>
		<pose>Unspecified</pose>
		<truncated>0</truncated>
		<difficult>0</difficult>
		<bndbox>
			<xmin>760</xmin>
			<ymin>243</ymin>
			<xmax>816</xmax>
			<ymax>312</ymax>
		</bndbox>
	</object>
	<object>
		<name>buoy_green</name>
		<pose>Unspecified</pose>
		<truncated>0</truncated>
		<difficult>0</difficult>
		<bndbox>
			<xmin>1163</xmin>
			<ymin>284</ymin>
			<xmax>1222</xmax>
			<ymax>367</ymax>
		</bndbox>
	</object>
	<object>
		<name>path</name>
		<pose>Unspecified</pose>
		<truncated>0</truncated>
		<difficult>0</difficult>
		<bndbox>
			<xmin>783</xmin>
			<ymin>620</ymin>
			<xmax>854</xmax>
			<ymax>734</ymax>
		</bndbox>
	</object>
</annotation>
