<annotation>
	<folder>4</folder>
	<filename>7-buoy00041.jpg</filename>
	<path>/home/sid/Desktop/DATA_LABELING_TASK/4/7-buoy00041.jpg</path>
	<source>
		<database>Unknown</database>
	</source>
	<size>
		<width>1280</width>
		<height>738</height>
		<depth>3</depth>
	</size>
	<segmented>0</segmented>
	<object>
		<name>buoy_red</name>
		<pose>Unspecified</pose>
		<truncated>0</truncated>
		<difficult>0</difficult>
		<bndbox>
			<xmin>712</xmin>
			<ymin>238</ymin>
			<xmax>740</xmax>
			<ymax>290</ymax>
		</bndbox>
	</object>
	<object>
		<name>buoy_green</name>
		<pose>Unspecified</pose>
		<truncated>0</truncated>
		<difficult>0</difficult>
		<bndbox>
			<xmin>466</xmin>
			<ymin>215</ymin>
			<xmax>510</xmax>
			<ymax>276</ymax>
		</bndbox>
	</object>
	<object>
		<name>buoy_yellow</name>
		<pose>Unspecified</pose>
		<truncated>0</truncated>
		<difficult>0</difficult>
		<bndbox>
			<xmin>239</xmin>
			<ymin>284</ymin>
			<xmax>298</xmax>
			<ymax>337</ymax>
		</bndbox>
	</object>
</annotation>
