<annotation>
	<folder>4</folder>
	<filename>7-buoy00461.jpg</filename>
	<path>/home/sid/Desktop/DATA_LABELING_TASK/4/7-buoy00461.jpg</path>
	<source>
		<database>Unknown</database>
	</source>
	<size>
		<width>1280</width>
		<height>738</height>
		<depth>3</depth>
	</size>
	<segmented>0</segmented>
	<object>
		<name>buoy_yellow</name>
		<pose>Unspecified</pose>
		<truncated>0</truncated>
		<difficult>0</difficult>
		<bndbox>
			<xmin>287</xmin>
			<ymin>638</ymin>
			<xmax>363</xmax>
			<ymax>723</ymax>
		</bndbox>
	</object>
	<object>
		<name>buoy_green</name>
		<pose>Unspecified</pose>
		<truncated>0</truncated>
		<difficult>0</difficult>
		<bndbox>
			<xmin>1139</xmin>
			<ymin>608</ymin>
			<xmax>1215</xmax>
			<ymax>693</ymax>
		</bndbox>
	</object>
	<object>
		<name>buoy_red</name>
		<pose>Unspecified</pose>
		<truncated>0</truncated>
		<difficult>0</difficult>
		<bndbox>
			<xmin>697</xmin>
			<ymin>553</ymin>
			<xmax>774</xmax>
			<ymax>637</ymax>
		</bndbox>
	</object>
</annotation>
