<annotation>
	<folder>4</folder>
	<filename>7-buoy00141.jpg</filename>
	<path>/home/sid/Desktop/DATA_LABELING_TASK/4/7-buoy00141.jpg</path>
	<source>
		<database>Unknown</database>
	</source>
	<size>
		<width>1280</width>
		<height>738</height>
		<depth>3</depth>
	</size>
	<segmented>0</segmented>
	<object>
		<name>buoy_yellow</name>
		<pose>Unspecified</pose>
		<truncated>0</truncated>
		<difficult>0</difficult>
		<bndbox>
			<xmin>256</xmin>
			<ymin>276</ymin>
			<xmax>309</xmax>
			<ymax>331</ymax>
		</bndbox>
	</object>
	<object>
		<name>buoy_green</name>
		<pose>Unspecified</pose>
		<truncated>0</truncated>
		<difficult>0</difficult>
		<bndbox>
			<xmin>771</xmin>
			<ymin>214</ymin>
			<xmax>819</xmax>
			<ymax>275</ymax>
		</bndbox>
	</object>
	<object>
		<name>buoy_red</name>
		<pose>Unspecified</pose>
		<truncated>0</truncated>
		<difficult>0</difficult>
		<bndbox>
			<xmin>515</xmin>
			<ymin>191</ymin>
			<xmax>556</xmax>
			<ymax>249</ymax>
		</bndbox>
	</object>
</annotation>
