<annotation>
	<folder>4</folder>
	<filename>7-buoy00361.jpg</filename>
	<path>/home/sid/Desktop/DATA_LABELING_TASK/4/7-buoy00361.jpg</path>
	<source>
		<database>Unknown</database>
	</source>
	<size>
		<width>1280</width>
		<height>738</height>
		<depth>3</depth>
	</size>
	<segmented>0</segmented>
	<object>
		<name>buoy_yellow</name>
		<pose>Unspecified</pose>
		<truncated>0</truncated>
		<difficult>0</difficult>
		<bndbox>
			<xmin>557</xmin>
			<ymin>364</ymin>
			<xmax>621</xmax>
			<ymax>440</ymax>
		</bndbox>
	</object>
	<object>
		<name>buoy_red</name>
		<pose>Unspecified</pose>
		<truncated>0</truncated>
		<difficult>0</difficult>
		<bndbox>
			<xmin>887</xmin>
			<ymin>232</ymin>
			<xmax>953</xmax>
			<ymax>303</ymax>
		</bndbox>
	</object>
</annotation>
