<annotation>
	<folder>4</folder>
	<filename>7-gate00001.jpg</filename>
	<path>/home/sid/Desktop/DATA_LABELING_TASK/4/7-gate00001.jpg</path>
	<source>
		<database>Unknown</database>
	</source>
	<size>
		<width>1280</width>
		<height>738</height>
		<depth>3</depth>
	</size>
	<segmented>0</segmented>
	<object>
		<name>pipe_h</name>
		<pose>Unspecified</pose>
		<truncated>1</truncated>
		<difficult>0</difficult>
		<bndbox>
			<xmin>1</xmin>
			<ymin>182</ymin>
			<xmax>181</xmax>
			<ymax>294</ymax>
		</bndbox>
	</object>
	<object>
		<name>path</name>
		<pose>Unspecified</pose>
		<truncated>0</truncated>
		<difficult>0</difficult>
		<bndbox>
			<xmin>601</xmin>
			<ymin>599</ymin>
			<xmax>822</xmax>
			<ymax>687</ymax>
		</bndbox>
	</object>
	<object>
		<name>buoy_yellow</name>
		<pose>Unspecified</pose>
		<truncated>0</truncated>
		<difficult>0</difficult>
		<bndbox>
			<xmin>987</xmin>
			<ymin>518</ymin>
			<xmax>1059</xmax>
			<ymax>599</ymax>
		</bndbox>
	</object>
	<object>
		<name>buoy_red</name>
		<pose>Unspecified</pose>
		<truncated>0</truncated>
		<difficult>0</difficult>
		<bndbox>
			<xmin>1050</xmin>
			<ymin>434</ymin>
			<xmax>1104</xmax>
			<ymax>496</ymax>
		</bndbox>
	</object>
	<object>
		<name>buoy_green</name>
		<pose>Unspecified</pose>
		<truncated>0</truncated>
		<difficult>0</difficult>
		<bndbox>
			<xmin>1172</xmin>
			<ymin>271</ymin>
			<xmax>1221</xmax>
			<ymax>328</ymax>
		</bndbox>
	</object>
</annotation>
