<annotation>
	<folder>4</folder>
	<filename>7-gate00131.jpg</filename>
	<path>/home/sid/Desktop/DATA_LABELING_TASK/4/7-gate00131.jpg</path>
	<source>
		<database>Unknown</database>
	</source>
	<size>
		<width>1280</width>
		<height>738</height>
		<depth>3</depth>
	</size>
	<segmented>0</segmented>
	<object>
		<name>pipe_h</name>
		<pose>Unspecified</pose>
		<truncated>0</truncated>
		<difficult>0</difficult>
		<bndbox>
			<xmin>545</xmin>
			<ymin>634</ymin>
			<xmax>857</xmax>
			<ymax>728</ymax>
		</bndbox>
	</object>
	<object>
		<name>pipe_v</name>
		<pose>Unspecified</pose>
		<truncated>0</truncated>
		<difficult>0</difficult>
		<bndbox>
			<xmin>521</xmin>
			<ymin>379</ymin>
			<xmax>557</xmax>
			<ymax>559</ymax>
		</bndbox>
	</object>
	<object>
		<name>pipe_v</name>
		<pose>Unspecified</pose>
		<truncated>0</truncated>
		<difficult>0</difficult>
		<bndbox>
			<xmin>924</xmin>
			<ymin>321</ymin>
			<xmax>948</xmax>
			<ymax>478</ymax>
		</bndbox>
	</object>
</annotation>
