<annotation verified="yes">
	<folder>4</folder>
	<filename>7-gate00166.jpg</filename>
	<path>/home/sid/Desktop/DATA_LABELING_TASK/4/7-gate00166.jpg</path>
	<source>
		<database>Unknown</database>
	</source>
	<size>
		<width>1280</width>
		<height>738</height>
		<depth>3</depth>
	</size>
	<segmented>0</segmented>
	<object>
		<name>pipe_h</name>
		<pose>Unspecified</pose>
		<truncated>0</truncated>
		<difficult>0</difficult>
		<bndbox>
			<xmin>798</xmin>
			<ymin>693</ymin>
			<xmax>974</xmax>
			<ymax>732</ymax>
		</bndbox>
	</object>
	<object>
		<name>pipe_v</name>
		<pose>Unspecified</pose>
		<truncated>0</truncated>
		<difficult>0</difficult>
		<bndbox>
			<xmin>534</xmin>
			<ymin>420</ymin>
			<xmax>565</xmax>
			<ymax>615</ymax>
		</bndbox>
	</object>
	<object>
		<name>pipe_v</name>
		<pose>Unspecified</pose>
		<truncated>0</truncated>
		<difficult>0</difficult>
		<bndbox>
			<xmin>978</xmin>
			<ymin>379</ymin>
			<xmax>1016</xmax>
			<ymax>564</ymax>
		</bndbox>
	</object>
</annotation>
