<annotation>
	<folder>4</folder>
	<filename>7-gate00211.jpg</filename>
	<path>/home/sid/Desktop/DATA_LABELING_TASK/4/7-gate00211.jpg</path>
	<source>
		<database>Unknown</database>
	</source>
	<size>
		<width>1280</width>
		<height>738</height>
		<depth>3</depth>
	</size>
	<segmented>0</segmented>
	<object>
		<name>pipe_h</name>
		<pose>Unspecified</pose>
		<truncated>0</truncated>
		<difficult>0</difficult>
		<bndbox>
			<xmin>492</xmin>
			<ymin>602</ymin>
			<xmax>916</xmax>
			<ymax>685</ymax>
		</bndbox>
	</object>
	<object>
		<name>path</name>
		<pose>Unspecified</pose>
		<truncated>1</truncated>
		<difficult>0</difficult>
		<bndbox>
			<xmin>437</xmin>
			<ymin>717</ymin>
			<xmax>631</xmax>
			<ymax>738</ymax>
		</bndbox>
	</object>
	<object>
		<name>pipe_h</name>
		<pose>Unspecified</pose>
		<truncated>0</truncated>
		<difficult>0</difficult>
		<bndbox>
			<xmin>469</xmin>
			<ymin>305</ymin>
			<xmax>509</xmax>
			<ymax>508</ymax>
		</bndbox>
	</object>
	<object>
		<name>pipe_v</name>
		<pose>Unspecified</pose>
		<truncated>0</truncated>
		<difficult>0</difficult>
		<bndbox>
			<xmin>912</xmin>
			<ymin>279</ymin>
			<xmax>968</xmax>
			<ymax>465</ymax>
		</bndbox>
	</object>
</annotation>
