<annotation>
	<folder>4</folder>
	<filename>7-gate00096.jpg</filename>
	<path>/home/sid/Desktop/DATA_LABELING_TASK/4/7-gate00096.jpg</path>
	<source>
		<database>Unknown</database>
	</source>
	<size>
		<width>1280</width>
		<height>738</height>
		<depth>3</depth>
	</size>
	<segmented>0</segmented>
	<object>
		<name>path</name>
		<pose>Unspecified</pose>
		<truncated>0</truncated>
		<difficult>0</difficult>
		<bndbox>
			<xmin>457</xmin>
			<ymin>715</ymin>
			<xmax>581</xmax>
			<ymax>735</ymax>
		</bndbox>
	</object>
	<object>
		<name>pipe_h</name>
		<pose>Unspecified</pose>
		<truncated>0</truncated>
		<difficult>0</difficult>
		<bndbox>
			<xmin>507</xmin>
			<ymin>564</ymin>
			<xmax>712</xmax>
			<ymax>647</ymax>
		</bndbox>
	</object>
	<object>
		<name>pipe_v</name>
		<pose>Unspecified</pose>
		<truncated>0</truncated>
		<difficult>0</difficult>
		<bndbox>
			<xmin>472</xmin>
			<ymin>331</ymin>
			<xmax>498</xmax>
			<ymax>488</ymax>
		</bndbox>
	</object>
	<object>
		<name>pipe_v</name>
		<pose>Unspecified</pose>
		<truncated>0</truncated>
		<difficult>0</difficult>
		<bndbox>
			<xmin>789</xmin>
			<ymin>275</ymin>
			<xmax>809</xmax>
			<ymax>408</ymax>
		</bndbox>
	</object>
</annotation>
