<annotation>
	<folder>4</folder>
	<filename>7-gate00146.jpg</filename>
	<path>/home/sid/Desktop/DATA_LABELING_TASK/4/7-gate00146.jpg</path>
	<source>
		<database>Unknown</database>
	</source>
	<size>
		<width>1280</width>
		<height>738</height>
		<depth>3</depth>
	</size>
	<segmented>0</segmented>
	<object>
		<name>pipe_h</name>
		<pose>Unspecified</pose>
		<truncated>0</truncated>
		<difficult>0</difficult>
		<bndbox>
			<xmin>636</xmin>
			<ymin>641</ymin>
			<xmax>983</xmax>
			<ymax>731</ymax>
		</bndbox>
	</object>
	<object>
		<name>pipe_v</name>
		<pose>Unspecified</pose>
		<truncated>0</truncated>
		<difficult>0</difficult>
		<bndbox>
			<xmin>553</xmin>
			<ymin>390</ymin>
			<xmax>584</xmax>
			<ymax>571</ymax>
		</bndbox>
	</object>
	<object>
		<name>pipe_v</name>
		<pose>Unspecified</pose>
		<truncated>0</truncated>
		<difficult>0</difficult>
		<bndbox>
			<xmin>978</xmin>
			<ymin>326</ymin>
			<xmax>1000</xmax>
			<ymax>500</ymax>
		</bndbox>
	</object>
</annotation>
