<annotation>
	<folder>4</folder>
	<filename>7-gate00126.jpg</filename>
	<path>/home/sid/Desktop/DATA_LABELING_TASK/4/7-gate00126.jpg</path>
	<source>
		<database>Unknown</database>
	</source>
	<size>
		<width>1280</width>
		<height>738</height>
		<depth>3</depth>
	</size>
	<segmented>0</segmented>
	<object>
		<name>pipe_h</name>
		<pose>Unspecified</pose>
		<truncated>0</truncated>
		<difficult>0</difficult>
		<bndbox>
			<xmin>542</xmin>
			<ymin>643</ymin>
			<xmax>721</xmax>
			<ymax>705</ymax>
		</bndbox>
	</object>
	<object>
		<name>pipe_v</name>
		<pose>Unspecified</pose>
		<truncated>0</truncated>
		<difficult>0</difficult>
		<bndbox>
			<xmin>503</xmin>
			<ymin>355</ymin>
			<xmax>533</xmax>
			<ymax>534</ymax>
		</bndbox>
	</object>
	<object>
		<name>pipe_v</name>
		<pose>Unspecified</pose>
		<truncated>0</truncated>
		<difficult>0</difficult>
		<bndbox>
			<xmin>892</xmin>
			<ymin>291</ymin>
			<xmax>907</xmax>
			<ymax>447</ymax>
		</bndbox>
	</object>
</annotation>
