<annotation>
	<folder>4</folder>
	<filename>7-gate00091.jpg</filename>
	<path>/home/sid/Desktop/DATA_LABELING_TASK/4/7-gate00091.jpg</path>
	<source>
		<database>Unknown</database>
	</source>
	<size>
		<width>1280</width>
		<height>738</height>
		<depth>3</depth>
	</size>
	<segmented>0</segmented>
	<object>
		<name>path</name>
		<pose>Unspecified</pose>
		<truncated>0</truncated>
		<difficult>0</difficult>
		<bndbox>
			<xmin>366</xmin>
			<ymin>688</ymin>
			<xmax>539</xmax>
			<ymax>708</ymax>
		</bndbox>
	</object>
	<object>
		<name>pipe_h</name>
		<pose>Unspecified</pose>
		<truncated>0</truncated>
		<difficult>0</difficult>
		<bndbox>
			<xmin>469</xmin>
			<ymin>518</ymin>
			<xmax>692</xmax>
			<ymax>608</ymax>
		</bndbox>
	</object>
	<object>
		<name>pipe_v</name>
		<pose>Unspecified</pose>
		<truncated>0</truncated>
		<difficult>0</difficult>
		<bndbox>
			<xmin>430</xmin>
			<ymin>300</ymin>
			<xmax>456</xmax>
			<ymax>461</ymax>
		</bndbox>
	</object>
	<object>
		<name>pipe_v</name>
		<pose>Unspecified</pose>
		<truncated>0</truncated>
		<difficult>0</difficult>
		<bndbox>
			<xmin>739</xmin>
			<ymin>250</ymin>
			<xmax>757</xmax>
			<ymax>379</ymax>
		</bndbox>
	</object>
</annotation>
