<annotation>
	<folder>4</folder>
	<filename>7-gate00161.jpg</filename>
	<path>/home/sid/Desktop/DATA_LABELING_TASK/4/7-gate00161.jpg</path>
	<source>
		<database>Unknown</database>
	</source>
	<size>
		<width>1280</width>
		<height>738</height>
		<depth>3</depth>
	</size>
	<segmented>0</segmented>
	<object>
		<name>pipe_h</name>
		<pose>Unspecified</pose>
		<truncated>0</truncated>
		<difficult>0</difficult>
		<bndbox>
			<xmin>839</xmin>
			<ymin>705</ymin>
			<xmax>983</xmax>
			<ymax>735</ymax>
		</bndbox>
	</object>
	<object>
		<name>pipe_v</name>
		<pose>Unspecified</pose>
		<truncated>0</truncated>
		<difficult>0</difficult>
		<bndbox>
			<xmin>548</xmin>
			<ymin>429</ymin>
			<xmax>575</xmax>
			<ymax>621</ymax>
		</bndbox>
	</object>
	<object>
		<name>pipe_v</name>
		<pose>Unspecified</pose>
		<truncated>0</truncated>
		<difficult>0</difficult>
		<bndbox>
			<xmin>983</xmin>
			<ymin>391</ymin>
			<xmax>1016</xmax>
			<ymax>562</ymax>
		</bndbox>
	</object>
</annotation>
