<annotation>
	<folder>4</folder>
	<filename>7-gate00171.jpg</filename>
	<path>/home/sid/Desktop/DATA_LABELING_TASK/4/7-gate00171.jpg</path>
	<source>
		<database>Unknown</database>
	</source>
	<size>
		<width>1280</width>
		<height>738</height>
		<depth>3</depth>
	</size>
	<segmented>0</segmented>
	<object>
		<name>pipe_h</name>
		<pose>Unspecified</pose>
		<truncated>0</truncated>
		<difficult>0</difficult>
		<bndbox>
			<xmin>678</xmin>
			<ymin>667</ymin>
			<xmax>966</xmax>
			<ymax>729</ymax>
		</bndbox>
	</object>
	<object>
		<name>pipe_v</name>
		<pose>Unspecified</pose>
		<truncated>0</truncated>
		<difficult>0</difficult>
		<bndbox>
			<xmin>533</xmin>
			<ymin>397</ymin>
			<xmax>559</xmax>
			<ymax>587</ymax>
		</bndbox>
	</object>
	<object>
		<name>pipe_v</name>
		<pose>Unspecified</pose>
		<truncated>0</truncated>
		<difficult>0</difficult>
		<bndbox>
			<xmin>972</xmin>
			<ymin>353</ymin>
			<xmax>1010</xmax>
			<ymax>540</ymax>
		</bndbox>
	</object>
</annotation>
