<annotation>
	<folder>4</folder>
	<filename>7-gate00136.jpg</filename>
	<path>/home/sid/Desktop/DATA_LABELING_TASK/4/7-gate00136.jpg</path>
	<source>
		<database>Unknown</database>
	</source>
	<size>
		<width>1280</width>
		<height>738</height>
		<depth>3</depth>
	</size>
	<segmented>0</segmented>
	<object>
		<name>pipe_h</name>
		<pose>Unspecified</pose>
		<truncated>0</truncated>
		<difficult>0</difficult>
		<bndbox>
			<xmin>571</xmin>
			<ymin>635</ymin>
			<xmax>869</xmax>
			<ymax>726</ymax>
		</bndbox>
	</object>
	<object>
		<name>pipe_v</name>
		<pose>Unspecified</pose>
		<truncated>0</truncated>
		<difficult>0</difficult>
		<bndbox>
			<xmin>542</xmin>
			<ymin>370</ymin>
			<xmax>575</xmax>
			<ymax>553</ymax>
		</bndbox>
	</object>
	<object>
		<name>pipe_v</name>
		<pose>Unspecified</pose>
		<truncated>0</truncated>
		<difficult>0</difficult>
		<bndbox>
			<xmin>954</xmin>
			<ymin>312</ymin>
			<xmax>965</xmax>
			<ymax>462</ymax>
		</bndbox>
	</object>
</annotation>
