<annotation verified="yes">
	<folder>4</folder>
	<filename>7-gate00186.jpg</filename>
	<path>/home/sid/Desktop/DATA_LABELING_TASK/4/7-gate00186.jpg</path>
	<source>
		<database>Unknown</database>
	</source>
	<size>
		<width>1280</width>
		<height>738</height>
		<depth>3</depth>
	</size>
	<segmented>0</segmented>
	<object>
		<name>pipe_h</name>
		<pose>Unspecified</pose>
		<truncated>0</truncated>
		<difficult>0</difficult>
		<bndbox>
			<xmin>518</xmin>
			<ymin>568</ymin>
			<xmax>944</xmax>
			<ymax>664</ymax>
		</bndbox>
	</object>
	<object>
		<name>path</name>
		<pose>Unspecified</pose>
		<truncated>0</truncated>
		<difficult>0</difficult>
		<bndbox>
			<xmin>463</xmin>
			<ymin>693</ymin>
			<xmax>663</xmax>
			<ymax>725</ymax>
		</bndbox>
	</object>
	<object>
		<name>pipe_v</name>
		<pose>Unspecified</pose>
		<truncated>0</truncated>
		<difficult>0</difficult>
		<bndbox>
			<xmin>490</xmin>
			<ymin>287</ymin>
			<xmax>522</xmax>
			<ymax>496</ymax>
		</bndbox>
	</object>
	<object>
		<name>pipe_v</name>
		<pose>Unspecified</pose>
		<truncated>0</truncated>
		<difficult>0</difficult>
		<bndbox>
			<xmin>939</xmin>
			<ymin>252</ymin>
			<xmax>980</xmax>
			<ymax>431</ymax>
		</bndbox>
	</object>
</annotation>
