<annotation>
	<folder>4</folder>
	<filename>7-gate00116.jpg</filename>
	<path>/home/sid/Desktop/DATA_LABELING_TASK/4/7-gate00116.jpg</path>
	<source>
		<database>Unknown</database>
	</source>
	<size>
		<width>1280</width>
		<height>738</height>
		<depth>3</depth>
	</size>
	<segmented>0</segmented>
	<object>
		<name>path</name>
		<pose>Unspecified</pose>
		<truncated>0</truncated>
		<difficult>0</difficult>
		<bndbox>
			<xmin>422</xmin>
			<ymin>688</ymin>
			<xmax>616</xmax>
			<ymax>715</ymax>
		</bndbox>
	</object>
	<object>
		<name>pipe_h</name>
		<pose>Unspecified</pose>
		<truncated>0</truncated>
		<difficult>0</difficult>
		<bndbox>
			<xmin>510</xmin>
			<ymin>567</ymin>
			<xmax>690</xmax>
			<ymax>626</ymax>
		</bndbox>
	</object>
	<object>
		<name>pipe_v</name>
		<pose>Unspecified</pose>
		<truncated>0</truncated>
		<difficult>0</difficult>
		<bndbox>
			<xmin>475</xmin>
			<ymin>294</ymin>
			<xmax>507</xmax>
			<ymax>471</ymax>
		</bndbox>
	</object>
	<object>
		<name>pipe_v</name>
		<pose>Unspecified</pose>
		<truncated>0</truncated>
		<difficult>0</difficult>
		<bndbox>
			<xmin>844</xmin>
			<ymin>229</ymin>
			<xmax>862</xmax>
			<ymax>387</ymax>
		</bndbox>
	</object>
</annotation>
