<annotation>
	<folder>4</folder>
	<filename>7-gate00191.jpg</filename>
	<path>/home/sid/Desktop/DATA_LABELING_TASK/4/7-gate00191.jpg</path>
	<source>
		<database>Unknown</database>
	</source>
	<size>
		<width>1280</width>
		<height>738</height>
		<depth>3</depth>
	</size>
	<segmented>0</segmented>
	<object>
		<name>path</name>
		<pose>Unspecified</pose>
		<truncated>0</truncated>
		<difficult>0</difficult>
		<bndbox>
			<xmin>450</xmin>
			<ymin>705</ymin>
			<xmax>671</xmax>
			<ymax>734</ymax>
		</bndbox>
	</object>
	<object>
		<name>pipe_h</name>
		<pose>Unspecified</pose>
		<truncated>0</truncated>
		<difficult>0</difficult>
		<bndbox>
			<xmin>501</xmin>
			<ymin>582</ymin>
			<xmax>930</xmax>
			<ymax>678</ymax>
		</bndbox>
	</object>
	<object>
		<name>pipe_v</name>
		<pose>Unspecified</pose>
		<truncated>0</truncated>
		<difficult>0</difficult>
		<bndbox>
			<xmin>472</xmin>
			<ymin>305</ymin>
			<xmax>519</xmax>
			<ymax>497</ymax>
		</bndbox>
	</object>
	<object>
		<name>pipe_v</name>
		<pose>Unspecified</pose>
		<truncated>0</truncated>
		<difficult>0</difficult>
		<bndbox>
			<xmin>919</xmin>
			<ymin>270</ymin>
			<xmax>980</xmax>
			<ymax>434</ymax>
		</bndbox>
	</object>
</annotation>
