<annotation>
	<folder>4</folder>
	<filename>7-gate00156.jpg</filename>
	<path>/home/sid/Desktop/DATA_LABELING_TASK/4/7-gate00156.jpg</path>
	<source>
		<database>Unknown</database>
	</source>
	<size>
		<width>1280</width>
		<height>738</height>
		<depth>3</depth>
	</size>
	<segmented>0</segmented>
	<object>
		<name>pipe_h</name>
		<pose>Unspecified</pose>
		<truncated>0</truncated>
		<difficult>0</difficult>
		<bndbox>
			<xmin>759</xmin>
			<ymin>668</ymin>
			<xmax>987</xmax>
			<ymax>732</ymax>
		</bndbox>
	</object>
	<object>
		<name>pipe_v</name>
		<pose>Unspecified</pose>
		<truncated>0</truncated>
		<difficult>0</difficult>
		<bndbox>
			<xmin>553</xmin>
			<ymin>409</ymin>
			<xmax>587</xmax>
			<ymax>608</ymax>
		</bndbox>
	</object>
	<object>
		<name>pipe_v</name>
		<pose>Unspecified</pose>
		<truncated>0</truncated>
		<difficult>0</difficult>
		<bndbox>
			<xmin>992</xmin>
			<ymin>353</ymin>
			<xmax>1013</xmax>
			<ymax>525</ymax>
		</bndbox>
	</object>
</annotation>
