<annotation>
	<folder>4</folder>
	<filename>7-gate00201.jpg</filename>
	<path>/home/sid/Desktop/DATA_LABELING_TASK/4/7-gate00201.jpg</path>
	<source>
		<database>Unknown</database>
	</source>
	<size>
		<width>1280</width>
		<height>738</height>
		<depth>3</depth>
	</size>
	<segmented>0</segmented>
	<object>
		<name>pipe_v</name>
		<pose>Unspecified</pose>
		<truncated>0</truncated>
		<difficult>0</difficult>
		<bndbox>
			<xmin>462</xmin>
			<ymin>306</ymin>
			<xmax>521</xmax>
			<ymax>502</ymax>
		</bndbox>
	</object>
	<object>
		<name>pipe_v</name>
		<pose>Unspecified</pose>
		<truncated>0</truncated>
		<difficult>0</difficult>
		<bndbox>
			<xmin>912</xmin>
			<ymin>264</ymin>
			<xmax>963</xmax>
			<ymax>450</ymax>
		</bndbox>
	</object>
	<object>
		<name>pipe_h</name>
		<pose>Unspecified</pose>
		<truncated>0</truncated>
		<difficult>0</difficult>
		<bndbox>
			<xmin>490</xmin>
			<ymin>581</ymin>
			<xmax>922</xmax>
			<ymax>682</ymax>
		</bndbox>
	</object>
	<object>
		<name>path</name>
		<pose>Unspecified</pose>
		<truncated>0</truncated>
		<difficult>0</difficult>
		<bndbox>
			<xmin>445</xmin>
			<ymin>711</ymin>
			<xmax>651</xmax>
			<ymax>734</ymax>
		</bndbox>
	</object>
</annotation>
