<annotation>
	<folder>4</folder>
	<filename>7-gate00176.jpg</filename>
	<path>/home/sid/Desktop/DATA_LABELING_TASK/4/7-gate00176.jpg</path>
	<source>
		<database>Unknown</database>
	</source>
	<size>
		<width>1280</width>
		<height>738</height>
		<depth>3</depth>
	</size>
	<segmented>0</segmented>
	<object>
		<name>pipe_h</name>
		<pose>Unspecified</pose>
		<truncated>0</truncated>
		<difficult>0</difficult>
		<bndbox>
			<xmin>551</xmin>
			<ymin>649</ymin>
			<xmax>959</xmax>
			<ymax>734</ymax>
		</bndbox>
	</object>
	<object>
		<name>pipe_v</name>
		<pose>Unspecified</pose>
		<truncated>0</truncated>
		<difficult>0</difficult>
		<bndbox>
			<xmin>507</xmin>
			<ymin>367</ymin>
			<xmax>554</xmax>
			<ymax>561</ymax>
		</bndbox>
	</object>
	<object>
		<name>pipe_v</name>
		<pose>Unspecified</pose>
		<truncated>0</truncated>
		<difficult>0</difficult>
		<bndbox>
			<xmin>953</xmin>
			<ymin>325</ymin>
			<xmax>1006</xmax>
			<ymax>506</ymax>
		</bndbox>
	</object>
</annotation>
