<annotation>
	<folder>4</folder>
	<filename>7-gate00141.jpg</filename>
	<path>/home/sid/Desktop/DATA_LABELING_TASK/4/7-gate00141.jpg</path>
	<source>
		<database>Unknown</database>
	</source>
	<size>
		<width>1280</width>
		<height>738</height>
		<depth>3</depth>
	</size>
	<segmented>0</segmented>
	<object>
		<name>pipe_h</name>
		<pose>Unspecified</pose>
		<truncated>0</truncated>
		<difficult>0</difficult>
		<bndbox>
			<xmin>578</xmin>
			<ymin>628</ymin>
			<xmax>963</xmax>
			<ymax>735</ymax>
		</bndbox>
	</object>
	<object>
		<name>pipe_v</name>
		<pose>Unspecified</pose>
		<truncated>0</truncated>
		<difficult>0</difficult>
		<bndbox>
			<xmin>545</xmin>
			<ymin>384</ymin>
			<xmax>577</xmax>
			<ymax>571</ymax>
		</bndbox>
	</object>
	<object>
		<name>pipe_v</name>
		<pose>Unspecified</pose>
		<truncated>0</truncated>
		<difficult>0</difficult>
		<bndbox>
			<xmin>968</xmin>
			<ymin>331</ymin>
			<xmax>984</xmax>
			<ymax>484</ymax>
		</bndbox>
	</object>
</annotation>
