<annotation>
	<folder>4</folder>
	<filename>7-gate00181.jpg</filename>
	<path>/home/sid/Desktop/DATA_LABELING_TASK/4/7-gate00181.jpg</path>
	<source>
		<database>Unknown</database>
	</source>
	<size>
		<width>1280</width>
		<height>738</height>
		<depth>3</depth>
	</size>
	<segmented>0</segmented>
	<object>
		<name>pipe_h</name>
		<pose>Unspecified</pose>
		<truncated>0</truncated>
		<difficult>0</difficult>
		<bndbox>
			<xmin>524</xmin>
			<ymin>596</ymin>
			<xmax>950</xmax>
			<ymax>693</ymax>
		</bndbox>
	</object>
	<object>
		<name>pipe_v</name>
		<pose>Unspecified</pose>
		<truncated>0</truncated>
		<difficult>0</difficult>
		<bndbox>
			<xmin>501</xmin>
			<ymin>312</ymin>
			<xmax>531</xmax>
			<ymax>506</ymax>
		</bndbox>
	</object>
	<object>
		<name>pipe_v</name>
		<pose>Unspecified</pose>
		<truncated>0</truncated>
		<difficult>0</difficult>
		<bndbox>
			<xmin>953</xmin>
			<ymin>284</ymin>
			<xmax>990</xmax>
			<ymax>461</ymax>
		</bndbox>
	</object>
</annotation>
