<annotation>
	<folder>4</folder>
	<filename>8-buoy02301.jpg</filename>
	<path>/home/sid/Desktop/DATA_LABELING_TASK/4/8-buoy02301.jpg</path>
	<source>
		<database>Unknown</database>
	</source>
	<size>
		<width>1280</width>
		<height>738</height>
		<depth>3</depth>
	</size>
	<segmented>0</segmented>
	<object>
		<name>buoy_red</name>
		<pose>Unspecified</pose>
		<truncated>0</truncated>
		<difficult>0</difficult>
		<bndbox>
			<xmin>468</xmin>
			<ymin>473</ymin>
			<xmax>531</xmax>
			<ymax>543</ymax>
		</bndbox>
	</object>
	<object>
		<name>buoy_green</name>
		<pose>Unspecified</pose>
		<truncated>0</truncated>
		<difficult>0</difficult>
		<bndbox>
			<xmin>645</xmin>
			<ymin>396</ymin>
			<xmax>718</xmax>
			<ymax>481</ymax>
		</bndbox>
	</object>
</annotation>
