<annotation>
	<folder>4</folder>
	<filename>8-buoy03401.jpg</filename>
	<path>/home/sid/Desktop/DATA_LABELING_TASK/4/8-buoy03401.jpg</path>
	<source>
		<database>Unknown</database>
	</source>
	<size>
		<width>1280</width>
		<height>738</height>
		<depth>3</depth>
	</size>
	<segmented>0</segmented>
	<object>
		<name>buoy_red</name>
		<pose>Unspecified</pose>
		<truncated>0</truncated>
		<difficult>0</difficult>
		<bndbox>
			<xmin>454</xmin>
			<ymin>521</ymin>
			<xmax>522</xmax>
			<ymax>594</ymax>
		</bndbox>
	</object>
	<object>
		<name>buoy_green</name>
		<pose>Unspecified</pose>
		<truncated>0</truncated>
		<difficult>0</difficult>
		<bndbox>
			<xmin>633</xmin>
			<ymin>446</ymin>
			<xmax>712</xmax>
			<ymax>526</ymax>
		</bndbox>
	</object>
</annotation>
