<annotation>
	<folder>4</folder>
	<filename>8-buoy03101.jpg</filename>
	<path>/home/sid/Desktop/DATA_LABELING_TASK/4/8-buoy03101.jpg</path>
	<source>
		<database>Unknown</database>
	</source>
	<size>
		<width>1280</width>
		<height>738</height>
		<depth>3</depth>
	</size>
	<segmented>0</segmented>
	<object>
		<name>buoy_red</name>
		<pose>Unspecified</pose>
		<truncated>0</truncated>
		<difficult>0</difficult>
		<bndbox>
			<xmin>448</xmin>
			<ymin>497</ymin>
			<xmax>510</xmax>
			<ymax>568</ymax>
		</bndbox>
	</object>
	<object>
		<name>buoy_green</name>
		<pose>Unspecified</pose>
		<truncated>0</truncated>
		<difficult>0</difficult>
		<bndbox>
			<xmin>625</xmin>
			<ymin>423</ymin>
			<xmax>698</xmax>
			<ymax>505</ymax>
		</bndbox>
	</object>
</annotation>
