<annotation>
	<folder>4</folder>
	<filename>8-buoy01901.jpg</filename>
	<path>/home/sid/Desktop/DATA_LABELING_TASK/4/8-buoy01901.jpg</path>
	<source>
		<database>Unknown</database>
	</source>
	<size>
		<width>1280</width>
		<height>738</height>
		<depth>3</depth>
	</size>
	<segmented>0</segmented>
	<object>
		<name>buoy_red</name>
		<pose>Unspecified</pose>
		<truncated>0</truncated>
		<difficult>0</difficult>
		<bndbox>
			<xmin>465</xmin>
			<ymin>485</ymin>
			<xmax>531</xmax>
			<ymax>559</ymax>
		</bndbox>
	</object>
	<object>
		<name>buoy_green</name>
		<pose>Unspecified</pose>
		<truncated>0</truncated>
		<difficult>0</difficult>
		<bndbox>
			<xmin>645</xmin>
			<ymin>414</ymin>
			<xmax>715</xmax>
			<ymax>491</ymax>
		</bndbox>
	</object>
</annotation>
