<annotation>
	<folder>4</folder>
	<filename>8-buoy03701.jpg</filename>
	<path>/home/sid/Desktop/DATA_LABELING_TASK/4/8-buoy03701.jpg</path>
	<source>
		<database>Unknown</database>
	</source>
	<size>
		<width>1280</width>
		<height>738</height>
		<depth>3</depth>
	</size>
	<segmented>0</segmented>
	<object>
		<name>buoy_red</name>
		<pose>Unspecified</pose>
		<truncated>0</truncated>
		<difficult>0</difficult>
		<bndbox>
			<xmin>451</xmin>
			<ymin>505</ymin>
			<xmax>522</xmax>
			<ymax>576</ymax>
		</bndbox>
	</object>
	<object>
		<name>buoy_green</name>
		<pose>Unspecified</pose>
		<truncated>0</truncated>
		<difficult>0</difficult>
		<bndbox>
			<xmin>637</xmin>
			<ymin>432</ymin>
			<xmax>707</xmax>
			<ymax>508</ymax>
		</bndbox>
	</object>
</annotation>
