<annotation>
	<folder>4</folder>
	<filename>8-buoy03001.jpg</filename>
	<path>/home/sid/Desktop/DATA_LABELING_TASK/4/8-buoy03001.jpg</path>
	<source>
		<database>Unknown</database>
	</source>
	<size>
		<width>1280</width>
		<height>738</height>
		<depth>3</depth>
	</size>
	<segmented>0</segmented>
	<object>
		<name>buoy_green</name>
		<pose>Unspecified</pose>
		<truncated>0</truncated>
		<difficult>0</difficult>
		<bndbox>
			<xmin>628</xmin>
			<ymin>405</ymin>
			<xmax>694</xmax>
			<ymax>484</ymax>
		</bndbox>
	</object>
	<object>
		<name>buoy_red</name>
		<pose>Unspecified</pose>
		<truncated>0</truncated>
		<difficult>0</difficult>
		<bndbox>
			<xmin>444</xmin>
			<ymin>478</ymin>
			<xmax>513</xmax>
			<ymax>552</ymax>
		</bndbox>
	</object>
</annotation>
