<annotation>
	<folder>4</folder>
	<filename>8-buoy01101.jpg</filename>
	<path>/home/sid/Desktop/DATA_LABELING_TASK/4/8-buoy01101.jpg</path>
	<source>
		<database>Unknown</database>
	</source>
	<size>
		<width>1280</width>
		<height>738</height>
		<depth>3</depth>
	</size>
	<segmented>0</segmented>
	<object>
		<name>buoy_red</name>
		<pose>Unspecified</pose>
		<truncated>0</truncated>
		<difficult>0</difficult>
		<bndbox>
			<xmin>427</xmin>
			<ymin>541</ymin>
			<xmax>494</xmax>
			<ymax>609</ymax>
		</bndbox>
	</object>
	<object>
		<name>buoy_green</name>
		<pose>Unspecified</pose>
		<truncated>0</truncated>
		<difficult>0</difficult>
		<bndbox>
			<xmin>607</xmin>
			<ymin>462</ymin>
			<xmax>684</xmax>
			<ymax>537</ymax>
		</bndbox>
	</object>
</annotation>
