<annotation>
	<folder>4</folder>
	<filename>8-buoy01801.jpg</filename>
	<path>/home/sid/Desktop/DATA_LABELING_TASK/4/8-buoy01801.jpg</path>
	<source>
		<database>Unknown</database>
	</source>
	<size>
		<width>1280</width>
		<height>738</height>
		<depth>3</depth>
	</size>
	<segmented>0</segmented>
	<object>
		<name>buoy_red</name>
		<pose>Unspecified</pose>
		<truncated>0</truncated>
		<difficult>0</difficult>
		<bndbox>
			<xmin>468</xmin>
			<ymin>490</ymin>
			<xmax>534</xmax>
			<ymax>558</ymax>
		</bndbox>
	</object>
	<object>
		<name>buoy_green</name>
		<pose>Unspecified</pose>
		<truncated>0</truncated>
		<difficult>0</difficult>
		<bndbox>
			<xmin>648</xmin>
			<ymin>415</ymin>
			<xmax>719</xmax>
			<ymax>491</ymax>
		</bndbox>
	</object>
</annotation>
