<annotation>
	<folder>4</folder>
	<filename>8-buoy02901.jpg</filename>
	<path>/home/sid/Desktop/DATA_LABELING_TASK/4/8-buoy02901.jpg</path>
	<source>
		<database>Unknown</database>
	</source>
	<size>
		<width>1280</width>
		<height>738</height>
		<depth>3</depth>
	</size>
	<segmented>0</segmented>
	<object>
		<name>buoy_red</name>
		<pose>Unspecified</pose>
		<truncated>0</truncated>
		<difficult>0</difficult>
		<bndbox>
			<xmin>447</xmin>
			<ymin>487</ymin>
			<xmax>512</xmax>
			<ymax>556</ymax>
		</bndbox>
	</object>
	<object>
		<name>buoy_green</name>
		<pose>Unspecified</pose>
		<truncated>0</truncated>
		<difficult>0</difficult>
		<bndbox>
			<xmin>627</xmin>
			<ymin>411</ymin>
			<xmax>698</xmax>
			<ymax>484</ymax>
		</bndbox>
	</object>
</annotation>
