<annotation>
	<folder>4</folder>
	<filename>8-buoy03501.jpg</filename>
	<path>/home/sid/Desktop/DATA_LABELING_TASK/4/8-buoy03501.jpg</path>
	<source>
		<database>Unknown</database>
	</source>
	<size>
		<width>1280</width>
		<height>738</height>
		<depth>3</depth>
	</size>
	<segmented>0</segmented>
	<object>
		<name>buoy_red</name>
		<pose>Unspecified</pose>
		<truncated>0</truncated>
		<difficult>0</difficult>
		<bndbox>
			<xmin>462</xmin>
			<ymin>520</ymin>
			<xmax>527</xmax>
			<ymax>593</ymax>
		</bndbox>
	</object>
	<object>
		<name>buoy_green</name>
		<pose>Unspecified</pose>
		<truncated>0</truncated>
		<difficult>0</difficult>
		<bndbox>
			<xmin>639</xmin>
			<ymin>444</ymin>
			<xmax>709</xmax>
			<ymax>520</ymax>
		</bndbox>
	</object>
</annotation>
