<annotation>
	<folder>4</folder>
	<filename>8-buoy02201.jpg</filename>
	<path>/home/sid/Desktop/DATA_LABELING_TASK/4/8-buoy02201.jpg</path>
	<source>
		<database>Unknown</database>
	</source>
	<size>
		<width>1280</width>
		<height>738</height>
		<depth>3</depth>
	</size>
	<segmented>0</segmented>
	<object>
		<name>buoy_red</name>
		<pose>Unspecified</pose>
		<truncated>0</truncated>
		<difficult>0</difficult>
		<bndbox>
			<xmin>466</xmin>
			<ymin>476</ymin>
			<xmax>531</xmax>
			<ymax>549</ymax>
		</bndbox>
	</object>
	<object>
		<name>buoy_green</name>
		<pose>Unspecified</pose>
		<truncated>0</truncated>
		<difficult>0</difficult>
		<bndbox>
			<xmin>644</xmin>
			<ymin>400</ymin>
			<xmax>715</xmax>
			<ymax>478</ymax>
		</bndbox>
	</object>
</annotation>
