<annotation>
	<folder>4</folder>
	<filename>8-buoy00801.jpg</filename>
	<path>/home/sid/Desktop/DATA_LABELING_TASK/4/8-buoy00801.jpg</path>
	<source>
		<database>Unknown</database>
	</source>
	<size>
		<width>1280</width>
		<height>738</height>
		<depth>3</depth>
	</size>
	<segmented>0</segmented>
	<object>
		<name>buoy_red</name>
		<pose>Unspecified</pose>
		<truncated>0</truncated>
		<difficult>0</difficult>
		<bndbox>
			<xmin>427</xmin>
			<ymin>535</ymin>
			<xmax>492</xmax>
			<ymax>611</ymax>
		</bndbox>
	</object>
	<object>
		<name>buoy_green</name>
		<pose>Unspecified</pose>
		<truncated>0</truncated>
		<difficult>0</difficult>
		<bndbox>
			<xmin>607</xmin>
			<ymin>458</ymin>
			<xmax>683</xmax>
			<ymax>538</ymax>
		</bndbox>
	</object>
</annotation>
