<annotation>
	<folder>4</folder>
	<filename>8-buoy00901.jpg</filename>
	<path>/home/sid/Desktop/DATA_LABELING_TASK/4/8-buoy00901.jpg</path>
	<source>
		<database>Unknown</database>
	</source>
	<size>
		<width>1280</width>
		<height>738</height>
		<depth>3</depth>
	</size>
	<segmented>0</segmented>
	<object>
		<name>buoy_red</name>
		<pose>Unspecified</pose>
		<truncated>0</truncated>
		<difficult>0</difficult>
		<bndbox>
			<xmin>430</xmin>
			<ymin>540</ymin>
			<xmax>497</xmax>
			<ymax>608</ymax>
		</bndbox>
	</object>
	<object>
		<name>buoy_green</name>
		<pose>Unspecified</pose>
		<truncated>0</truncated>
		<difficult>0</difficult>
		<bndbox>
			<xmin>606</xmin>
			<ymin>464</ymin>
			<xmax>684</xmax>
			<ymax>544</ymax>
		</bndbox>
	</object>
</annotation>
