<annotation>
	<folder>4</folder>
	<filename>8-buoy02701.jpg</filename>
	<path>/home/sid/Desktop/DATA_LABELING_TASK/4/8-buoy02701.jpg</path>
	<source>
		<database>Unknown</database>
	</source>
	<size>
		<width>1280</width>
		<height>738</height>
		<depth>3</depth>
	</size>
	<segmented>0</segmented>
	<object>
		<name>buoy_red</name>
		<pose>Unspecified</pose>
		<truncated>0</truncated>
		<difficult>0</difficult>
		<bndbox>
			<xmin>445</xmin>
			<ymin>487</ymin>
			<xmax>515</xmax>
			<ymax>558</ymax>
		</bndbox>
	</object>
	<object>
		<name>buoy_red</name>
		<pose>Unspecified</pose>
		<truncated>0</truncated>
		<difficult>0</difficult>
		<bndbox>
			<xmin>621</xmin>
			<ymin>409</ymin>
			<xmax>695</xmax>
			<ymax>485</ymax>
		</bndbox>
	</object>
</annotation>
