<annotation>
	<folder>4</folder>
	<filename>8-buoy00101.jpg</filename>
	<path>/home/sid/Desktop/DATA_LABELING_TASK/4/8-buoy00101.jpg</path>
	<source>
		<database>Unknown</database>
	</source>
	<size>
		<width>1280</width>
		<height>738</height>
		<depth>3</depth>
	</size>
	<segmented>0</segmented>
	<object>
		<name>buoy_red</name>
		<pose>Unspecified</pose>
		<truncated>0</truncated>
		<difficult>0</difficult>
		<bndbox>
			<xmin>394</xmin>
			<ymin>540</ymin>
			<xmax>465</xmax>
			<ymax>606</ymax>
		</bndbox>
	</object>
	<object>
		<name>buoy_green</name>
		<pose>Unspecified</pose>
		<truncated>0</truncated>
		<difficult>0</difficult>
		<bndbox>
			<xmin>575</xmin>
			<ymin>453</ymin>
			<xmax>647</xmax>
			<ymax>537</ymax>
		</bndbox>
	</object>
</annotation>
