<annotation>
	<folder>4</folder>
	<filename>8-buoy01301.jpg</filename>
	<path>/home/sid/Desktop/DATA_LABELING_TASK/4/8-buoy01301.jpg</path>
	<source>
		<database>Unknown</database>
	</source>
	<size>
		<width>1280</width>
		<height>738</height>
		<depth>3</depth>
	</size>
	<segmented>0</segmented>
	<object>
		<name>buoy_red</name>
		<pose>Unspecified</pose>
		<truncated>0</truncated>
		<difficult>0</difficult>
		<bndbox>
			<xmin>436</xmin>
			<ymin>547</ymin>
			<xmax>501</xmax>
			<ymax>617</ymax>
		</bndbox>
	</object>
	<object>
		<name>buoy_green</name>
		<pose>Unspecified</pose>
		<truncated>0</truncated>
		<difficult>0</difficult>
		<bndbox>
			<xmin>619</xmin>
			<ymin>476</ymin>
			<xmax>689</xmax>
			<ymax>550</ymax>
		</bndbox>
	</object>
</annotation>
