<annotation>
	<folder>4</folder>
	<filename>8-buoy00001.jpg</filename>
	<path>/home/sid/Desktop/DATA_LABELING_TASK/4/8-buoy00001.jpg</path>
	<source>
		<database>Unknown</database>
	</source>
	<size>
		<width>1280</width>
		<height>738</height>
		<depth>3</depth>
	</size>
	<segmented>0</segmented>
	<object>
		<name>buoy_red</name>
		<pose>Unspecified</pose>
		<truncated>0</truncated>
		<difficult>0</difficult>
		<bndbox>
			<xmin>390</xmin>
			<ymin>529</ymin>
			<xmax>451</xmax>
			<ymax>600</ymax>
		</bndbox>
	</object>
	<object>
		<name>buoy_green</name>
		<pose>Unspecified</pose>
		<truncated>0</truncated>
		<difficult>0</difficult>
		<bndbox>
			<xmin>571</xmin>
			<ymin>450</ymin>
			<xmax>634</xmax>
			<ymax>532</ymax>
		</bndbox>
	</object>
</annotation>
