<annotation>
	<folder>4</folder>
	<filename>8-gate00241.jpg</filename>
	<path>/home/sid/Desktop/DATA_LABELING_TASK/4/8-gate00241.jpg</path>
	<source>
		<database>Unknown</database>
	</source>
	<size>
		<width>480</width>
		<height>354</height>
		<depth>3</depth>
	</size>
	<segmented>0</segmented>
	<object>
		<name>pipe_h</name>
		<pose>Unspecified</pose>
		<truncated>0</truncated>
		<difficult>0</difficult>
		<bndbox>
			<xmin>123</xmin>
			<ymin>225</ymin>
			<xmax>226</xmax>
			<ymax>230</ymax>
		</bndbox>
	</object>
	<object>
		<name>pipe_v</name>
		<pose>Unspecified</pose>
		<truncated>0</truncated>
		<difficult>0</difficult>
		<bndbox>
			<xmin>122</xmin>
			<ymin>160</ymin>
			<xmax>129</xmax>
			<ymax>230</ymax>
		</bndbox>
	</object>
	<object>
		<name>pipe_v</name>
		<pose>Unspecified</pose>
		<truncated>0</truncated>
		<difficult>0</difficult>
		<bndbox>
			<xmin>221</xmin>
			<ymin>166</ymin>
			<xmax>228</xmax>
			<ymax>227</ymax>
		</bndbox>
	</object>
	<object>
		<name>gate</name>
		<pose>Unspecified</pose>
		<truncated>0</truncated>
		<difficult>0</difficult>
		<bndbox>
			<xmin>121</xmin>
			<ymin>157</ymin>
			<xmax>231</xmax>
			<ymax>229</ymax>
		</bndbox>
	</object>
</annotation>
