<annotation>
	<folder>4</folder>
	<filename>8-gate00221.jpg</filename>
	<path>/home/sid/Desktop/DATA_LABELING_TASK/4/8-gate00221.jpg</path>
	<source>
		<database>Unknown</database>
	</source>
	<size>
		<width>480</width>
		<height>354</height>
		<depth>3</depth>
	</size>
	<segmented>0</segmented>
	<object>
		<name>gate</name>
		<pose>Unspecified</pose>
		<truncated>0</truncated>
		<difficult>0</difficult>
		<bndbox>
			<xmin>129</xmin>
			<ymin>153</ymin>
			<xmax>234</xmax>
			<ymax>228</ymax>
		</bndbox>
	</object>
	<object>
		<name>pipe_v</name>
		<pose>Unspecified</pose>
		<truncated>0</truncated>
		<difficult>0</difficult>
		<bndbox>
			<xmin>129</xmin>
			<ymin>153</ymin>
			<xmax>138</xmax>
			<ymax>227</ymax>
		</bndbox>
	</object>
	<object>
		<name>pipe_v</name>
		<pose>Unspecified</pose>
		<truncated>0</truncated>
		<difficult>0</difficult>
		<bndbox>
			<xmin>228</xmin>
			<ymin>159</ymin>
			<xmax>233</xmax>
			<ymax>221</ymax>
		</bndbox>
	</object>
	<object>
		<name>pipe_h</name>
		<pose>Unspecified</pose>
		<truncated>0</truncated>
		<difficult>0</difficult>
		<bndbox>
			<xmin>135</xmin>
			<ymin>220</ymin>
			<xmax>231</xmax>
			<ymax>225</ymax>
		</bndbox>
	</object>
</annotation>
