<annotation>
	<folder>4</folder>
	<filename>8-gate00161.jpg</filename>
	<path>/home/sid/Desktop/DATA_LABELING_TASK/4/8-gate00161.jpg</path>
	<source>
		<database>Unknown</database>
	</source>
	<size>
		<width>480</width>
		<height>354</height>
		<depth>3</depth>
	</size>
	<segmented>0</segmented>
	<object>
		<name>pipe_h</name>
		<pose>Unspecified</pose>
		<truncated>0</truncated>
		<difficult>0</difficult>
		<bndbox>
			<xmin>136</xmin>
			<ymin>208</ymin>
			<xmax>228</xmax>
			<ymax>214</ymax>
		</bndbox>
	</object>
	<object>
		<name>pipe_v</name>
		<pose>Unspecified</pose>
		<truncated>0</truncated>
		<difficult>0</difficult>
		<bndbox>
			<xmin>133</xmin>
			<ymin>144</ymin>
			<xmax>141</xmax>
			<ymax>213</ymax>
		</bndbox>
	</object>
	<object>
		<name>pipe_v</name>
		<pose>Unspecified</pose>
		<truncated>0</truncated>
		<difficult>0</difficult>
		<bndbox>
			<xmin>224</xmin>
			<ymin>150</ymin>
			<xmax>232</xmax>
			<ymax>212</ymax>
		</bndbox>
	</object>
	<object>
		<name>gate</name>
		<pose>Unspecified</pose>
		<truncated>0</truncated>
		<difficult>0</difficult>
		<bndbox>
			<xmin>132</xmin>
			<ymin>141</ymin>
			<xmax>234</xmax>
			<ymax>214</ymax>
		</bndbox>
	</object>
</annotation>
