<annotation>
	<folder>4</folder>
	<filename>8-gate00141.jpg</filename>
	<path>/home/sid/Desktop/DATA_LABELING_TASK/4/8-gate00141.jpg</path>
	<source>
		<database>Unknown</database>
	</source>
	<size>
		<width>480</width>
		<height>354</height>
		<depth>3</depth>
	</size>
	<segmented>0</segmented>
	<object>
		<name>gate</name>
		<pose>Unspecified</pose>
		<truncated>0</truncated>
		<difficult>0</difficult>
		<bndbox>
			<xmin>131</xmin>
			<ymin>152</ymin>
			<xmax>229</xmax>
			<ymax>218</ymax>
		</bndbox>
	</object>
	<object>
		<name>pipe_v</name>
		<pose>Unspecified</pose>
		<truncated>0</truncated>
		<difficult>0</difficult>
		<bndbox>
			<xmin>133</xmin>
			<ymin>153</ymin>
			<xmax>143</xmax>
			<ymax>221</ymax>
		</bndbox>
	</object>
	<object>
		<name>pipe_v</name>
		<pose>Unspecified</pose>
		<truncated>0</truncated>
		<difficult>0</difficult>
		<bndbox>
			<xmin>224</xmin>
			<ymin>154</ymin>
			<xmax>231</xmax>
			<ymax>215</ymax>
		</bndbox>
	</object>
	<object>
		<name>pipe_h</name>
		<pose>Unspecified</pose>
		<truncated>0</truncated>
		<difficult>0</difficult>
		<bndbox>
			<xmin>136</xmin>
			<ymin>214</ymin>
			<xmax>227</xmax>
			<ymax>222</ymax>
		</bndbox>
	</object>
</annotation>
