<annotation>
	<folder>4</folder>
	<filename>8-gate00281.jpg</filename>
	<path>/home/sid/Desktop/DATA_LABELING_TASK/4/8-gate00281.jpg</path>
	<source>
		<database>Unknown</database>
	</source>
	<size>
		<width>480</width>
		<height>354</height>
		<depth>3</depth>
	</size>
	<segmented>0</segmented>
	<object>
		<name>gate</name>
		<pose>Unspecified</pose>
		<truncated>0</truncated>
		<difficult>0</difficult>
		<bndbox>
			<xmin>109</xmin>
			<ymin>158</ymin>
			<xmax>220</xmax>
			<ymax>233</ymax>
		</bndbox>
	</object>
	<object>
		<name>pipe_h</name>
		<pose>Unspecified</pose>
		<truncated>0</truncated>
		<difficult>0</difficult>
		<bndbox>
			<xmin>114</xmin>
			<ymin>230</ymin>
			<xmax>214</xmax>
			<ymax>236</ymax>
		</bndbox>
	</object>
	<object>
		<name>pipe_v</name>
		<pose>Unspecified</pose>
		<truncated>0</truncated>
		<difficult>0</difficult>
		<bndbox>
			<xmin>108</xmin>
			<ymin>159</ymin>
			<xmax>116</xmax>
			<ymax>235</ymax>
		</bndbox>
	</object>
	<object>
		<name>pipe_v</name>
		<pose>Unspecified</pose>
		<truncated>0</truncated>
		<difficult>0</difficult>
		<bndbox>
			<xmin>211</xmin>
			<ymin>155</ymin>
			<xmax>219</xmax>
			<ymax>231</ymax>
		</bndbox>
	</object>
</annotation>
