<annotation>
	<folder>4</folder>
	<filename>8-gate00121.jpg</filename>
	<path>/home/sid/Desktop/DATA_LABELING_TASK/4/8-gate00121.jpg</path>
	<source>
		<database>Unknown</database>
	</source>
	<size>
		<width>480</width>
		<height>354</height>
		<depth>3</depth>
	</size>
	<segmented>0</segmented>
	<object>
		<name>gate</name>
		<pose>Unspecified</pose>
		<truncated>0</truncated>
		<difficult>0</difficult>
		<bndbox>
			<xmin>124</xmin>
			<ymin>159</ymin>
			<xmax>219</xmax>
			<ymax>223</ymax>
		</bndbox>
	</object>
	<object>
		<name>pipe_h</name>
		<pose>Unspecified</pose>
		<truncated>0</truncated>
		<difficult>0</difficult>
		<bndbox>
			<xmin>125</xmin>
			<ymin>220</ymin>
			<xmax>219</xmax>
			<ymax>225</ymax>
		</bndbox>
	</object>
	<object>
		<name>pipe_v</name>
		<pose>Unspecified</pose>
		<truncated>0</truncated>
		<difficult>0</difficult>
		<bndbox>
			<xmin>121</xmin>
			<ymin>158</ymin>
			<xmax>130</xmax>
			<ymax>226</ymax>
		</bndbox>
	</object>
	<object>
		<name>pipe_v</name>
		<pose>Unspecified</pose>
		<truncated>0</truncated>
		<difficult>0</difficult>
		<bndbox>
			<xmin>214</xmin>
			<ymin>159</ymin>
			<xmax>221</xmax>
			<ymax>227</ymax>
		</bndbox>
	</object>
</annotation>
