<annotation>
	<folder>4</folder>
	<filename>8-gate00181.jpg</filename>
	<path>/home/sid/Desktop/DATA_LABELING_TASK/4/8-gate00181.jpg</path>
	<source>
		<database>Unknown</database>
	</source>
	<size>
		<width>480</width>
		<height>354</height>
		<depth>3</depth>
	</size>
	<segmented>0</segmented>
	<object>
		<name>pipe_h</name>
		<pose>Unspecified</pose>
		<truncated>0</truncated>
		<difficult>0</difficult>
		<bndbox>
			<xmin>138</xmin>
			<ymin>204</ymin>
			<xmax>230</xmax>
			<ymax>212</ymax>
		</bndbox>
	</object>
	<object>
		<name>pipe_v</name>
		<pose>Unspecified</pose>
		<truncated>0</truncated>
		<difficult>0</difficult>
		<bndbox>
			<xmin>133</xmin>
			<ymin>138</ymin>
			<xmax>140</xmax>
			<ymax>209</ymax>
		</bndbox>
	</object>
	<object>
		<name>pipe_v</name>
		<pose>Unspecified</pose>
		<truncated>0</truncated>
		<difficult>0</difficult>
		<bndbox>
			<xmin>228</xmin>
			<ymin>145</ymin>
			<xmax>234</xmax>
			<ymax>205</ymax>
		</bndbox>
	</object>
	<object>
		<name>gate</name>
		<pose>Unspecified</pose>
		<truncated>0</truncated>
		<difficult>0</difficult>
		<bndbox>
			<xmin>132</xmin>
			<ymin>135</ymin>
			<xmax>235</xmax>
			<ymax>214</ymax>
		</bndbox>
	</object>
</annotation>
