<annotation>
	<folder>4</folder>
	<filename>8-gate00261.jpg</filename>
	<path>/home/sid/Desktop/DATA_LABELING_TASK/4/8-gate00261.jpg</path>
	<source>
		<database>Unknown</database>
	</source>
	<size>
		<width>480</width>
		<height>354</height>
		<depth>3</depth>
	</size>
	<segmented>0</segmented>
	<object>
		<name>gate</name>
		<pose>Unspecified</pose>
		<truncated>0</truncated>
		<difficult>0</difficult>
		<bndbox>
			<xmin>115</xmin>
			<ymin>158</ymin>
			<xmax>225</xmax>
			<ymax>231</ymax>
		</bndbox>
	</object>
	<object>
		<name>pipe_v</name>
		<pose>Unspecified</pose>
		<truncated>0</truncated>
		<difficult>0</difficult>
		<bndbox>
			<xmin>114</xmin>
			<ymin>158</ymin>
			<xmax>121</xmax>
			<ymax>231</ymax>
		</bndbox>
	</object>
	<object>
		<name>pipe_v</name>
		<pose>Unspecified</pose>
		<truncated>0</truncated>
		<difficult>0</difficult>
		<bndbox>
			<xmin>217</xmin>
			<ymin>161</ymin>
			<xmax>223</xmax>
			<ymax>227</ymax>
		</bndbox>
	</object>
	<object>
		<name>pipe_h</name>
		<pose>Unspecified</pose>
		<truncated>0</truncated>
		<difficult>0</difficult>
		<bndbox>
			<xmin>116</xmin>
			<ymin>226</ymin>
			<xmax>222</xmax>
			<ymax>231</ymax>
		</bndbox>
	</object>
</annotation>
