<annotation>
	<folder>4</folder>
	<filename>8-gate00081.jpg</filename>
	<path>/home/sid/Desktop/DATA_LABELING_TASK/4/8-gate00081.jpg</path>
	<source>
		<database>Unknown</database>
	</source>
	<size>
		<width>480</width>
		<height>354</height>
		<depth>3</depth>
	</size>
	<segmented>0</segmented>
	<object>
		<name>gate</name>
		<pose>Unspecified</pose>
		<truncated>0</truncated>
		<difficult>0</difficult>
		<bndbox>
			<xmin>93</xmin>
			<ymin>160</ymin>
			<xmax>195</xmax>
			<ymax>227</ymax>
		</bndbox>
	</object>
	<object>
		<name>pipe_v</name>
		<pose>Unspecified</pose>
		<truncated>0</truncated>
		<difficult>0</difficult>
		<bndbox>
			<xmin>91</xmin>
			<ymin>160</ymin>
			<xmax>102</xmax>
			<ymax>227</ymax>
		</bndbox>
	</object>
	<object>
		<name>pipe_v</name>
		<pose>Unspecified</pose>
		<truncated>0</truncated>
		<difficult>0</difficult>
		<bndbox>
			<xmin>187</xmin>
			<ymin>161</ymin>
			<xmax>195</xmax>
			<ymax>225</ymax>
		</bndbox>
	</object>
	<object>
		<name>pipe_h</name>
		<pose>Unspecified</pose>
		<truncated>0</truncated>
		<difficult>0</difficult>
		<bndbox>
			<xmin>94</xmin>
			<ymin>220</ymin>
			<xmax>192</xmax>
			<ymax>227</ymax>
		</bndbox>
	</object>
</annotation>
