<annotation>
	<folder>2</folder>
	<filename>1-buoy00361.jpg</filename>
	<path>/home/rahil/Desktop/DATA_LABELING_TASK_2/2/1-buoy00361.jpg</path>
	<source>
		<database>Unknown</database>
	</source>
	<size>
		<width>1280</width>
		<height>738</height>
		<depth>3</depth>
	</size>
	<segmented>0</segmented>
	<object>
		<name>buoy_green</name>
		<pose>Unspecified</pose>
		<truncated>0</truncated>
		<difficult>0</difficult>
		<bndbox>
			<xmin>17</xmin>
			<ymin>505</ymin>
			<xmax>81</xmax>
			<ymax>557</ymax>
		</bndbox>
	</object>
	<object>
		<name>buoy_red</name>
		<pose>Unspecified</pose>
		<truncated>0</truncated>
		<difficult>0</difficult>
		<bndbox>
			<xmin>119</xmin>
			<ymin>433</ymin>
			<xmax>169</xmax>
			<ymax>473</ymax>
		</bndbox>
	</object>
	<object>
		<name>buoy_yellow</name>
		<pose>Unspecified</pose>
		<truncated>0</truncated>
		<difficult>0</difficult>
		<bndbox>
			<xmin>207</xmin>
			<ymin>457</ymin>
			<xmax>236</xmax>
			<ymax>485</ymax>
		</bndbox>
	</object>
</annotation>
