<annotation>
	<folder>2</folder>
	<filename>1-buoy00241.jpg</filename>
	<path>/home/rahil/Desktop/DATA_LABELING_TASK_2/2/1-buoy00241.jpg</path>
	<source>
		<database>Unknown</database>
	</source>
	<size>
		<width>1280</width>
		<height>738</height>
		<depth>3</depth>
	</size>
	<segmented>0</segmented>
	<object>
		<name>buoy_green</name>
		<pose>Unspecified</pose>
		<truncated>0</truncated>
		<difficult>0</difficult>
		<bndbox>
			<xmin>325</xmin>
			<ymin>509</ymin>
			<xmax>345</xmax>
			<ymax>535</ymax>
		</bndbox>
	</object>
	<object>
		<name>buoy_red</name>
		<pose>Unspecified</pose>
		<truncated>0</truncated>
		<difficult>0</difficult>
		<bndbox>
			<xmin>249</xmin>
			<ymin>476</ymin>
			<xmax>299</xmax>
			<ymax>521</ymax>
		</bndbox>
	</object>
	<object>
		<name>buoy_yellow</name>
		<pose>Unspecified</pose>
		<truncated>0</truncated>
		<difficult>0</difficult>
		<bndbox>
			<xmin>151</xmin>
			<ymin>544</ymin>
			<xmax>214</xmax>
			<ymax>605</ymax>
		</bndbox>
	</object>
</annotation>
