<annotation>
	<folder>2</folder>
	<filename>1-buoy00091.jpg</filename>
	<path>/home/rahil/Desktop/DATA_LABELING_TASK_2/2/1-buoy00091.jpg</path>
	<source>
		<database>Unknown</database>
	</source>
	<size>
		<width>1280</width>
		<height>738</height>
		<depth>3</depth>
	</size>
	<segmented>0</segmented>
	<object>
		<name>buoy_green</name>
		<pose>Unspecified</pose>
		<truncated>0</truncated>
		<difficult>0</difficult>
		<bndbox>
			<xmin>251</xmin>
			<ymin>374</ymin>
			<xmax>312</xmax>
			<ymax>411</ymax>
		</bndbox>
	</object>
	<object>
		<name>buoy_red</name>
		<pose>Unspecified</pose>
		<truncated>0</truncated>
		<difficult>0</difficult>
		<bndbox>
			<xmin>317</xmin>
			<ymin>299</ymin>
			<xmax>363</xmax>
			<ymax>347</ymax>
		</bndbox>
	</object>
	<object>
		<name>buoy_yellow</name>
		<pose>Unspecified</pose>
		<truncated>0</truncated>
		<difficult>0</difficult>
		<bndbox>
			<xmin>386</xmin>
			<ymin>320</ymin>
			<xmax>417</xmax>
			<ymax>348</ymax>
		</bndbox>
	</object>
</annotation>
