<annotation>
	<folder>2</folder>
	<filename>1-buoy00256.jpg</filename>
	<path>/home/rahil/Desktop/DATA_LABELING_TASK_2/2/1-buoy00256.jpg</path>
	<source>
		<database>Unknown</database>
	</source>
	<size>
		<width>1280</width>
		<height>738</height>
		<depth>3</depth>
	</size>
	<segmented>0</segmented>
	<object>
		<name>buoy_green</name>
		<pose>Unspecified</pose>
		<truncated>0</truncated>
		<difficult>0</difficult>
		<bndbox>
			<xmin>122</xmin>
			<ymin>543</ymin>
			<xmax>170</xmax>
			<ymax>595</ymax>
		</bndbox>
	</object>
	<object>
		<name>buoy_yellow</name>
		<pose>Unspecified</pose>
		<truncated>0</truncated>
		<difficult>0</difficult>
		<bndbox>
			<xmin>282</xmin>
			<ymin>510</ymin>
			<xmax>306</xmax>
			<ymax>537</ymax>
		</bndbox>
	</object>
	<object>
		<name>buoy_red</name>
		<pose>Unspecified</pose>
		<truncated>0</truncated>
		<difficult>0</difficult>
		<bndbox>
			<xmin>207</xmin>
			<ymin>470</ymin>
			<xmax>255</xmax>
			<ymax>521</ymax>
		</bndbox>
	</object>
</annotation>
