<annotation>
	<folder>2</folder>
	<filename>1-buoy00436.jpg</filename>
	<path>/home/rahil/Desktop/DATA_LABELING_TASK_2/2/1-buoy00436.jpg</path>
	<source>
		<database>Unknown</database>
	</source>
	<size>
		<width>1280</width>
		<height>738</height>
		<depth>3</depth>
	</size>
	<segmented>0</segmented>
	<object>
		<name>buoy_yellow</name>
		<pose>Unspecified</pose>
		<truncated>0</truncated>
		<difficult>0</difficult>
		<bndbox>
			<xmin>81</xmin>
			<ymin>443</ymin>
			<xmax>110</xmax>
			<ymax>477</ymax>
		</bndbox>
	</object>
	<object>
		<name>buoy_red</name>
		<pose>Unspecified</pose>
		<truncated>1</truncated>
		<difficult>0</difficult>
		<bndbox>
			<xmin>1</xmin>
			<ymin>414</ymin>
			<xmax>29</xmax>
			<ymax>468</ymax>
		</bndbox>
	</object>
</annotation>
