<annotation>
	<folder>2</folder>
	<filename>1-gate00126.jpg</filename>
	<path>/home/rahil/Desktop/DATA_LABELING_TASK_2/2/1-gate00126.jpg</path>
	<source>
		<database>Unknown</database>
	</source>
	<size>
		<width>1280</width>
		<height>738</height>
		<depth>3</depth>
	</size>
	<segmented>0</segmented>
	<object>
		<name>pipe_v</name>
		<pose>Unspecified</pose>
		<truncated>0</truncated>
		<difficult>0</difficult>
		<bndbox>
			<xmin>333</xmin>
			<ymin>150</ymin>
			<xmax>355</xmax>
			<ymax>387</ymax>
		</bndbox>
	</object>
	<object>
		<name>pipe_v</name>
		<pose>Unspecified</pose>
		<truncated>0</truncated>
		<difficult>0</difficult>
		<bndbox>
			<xmin>822</xmin>
			<ymin>114</ymin>
			<xmax>845</xmax>
			<ymax>362</ymax>
		</bndbox>
	</object>
	<object>
		<name>pipe_h</name>
		<pose>Unspecified</pose>
		<truncated>0</truncated>
		<difficult>0</difficult>
		<bndbox>
			<xmin>328</xmin>
			<ymin>131</ymin>
			<xmax>856</xmax>
			<ymax>148</ymax>
		</bndbox>
	</object>
	<object>
		<name>gate</name>
		<pose>Unspecified</pose>
		<truncated>0</truncated>
		<difficult>0</difficult>
		<bndbox>
			<xmin>314</xmin>
			<ymin>105</ymin>
			<xmax>869</xmax>
			<ymax>388</ymax>
		</bndbox>
	</object>
</annotation>
