<annotation>
	<folder>2</folder>
	<filename>1-gate00261.jpg</filename>
	<path>/home/rahil/Desktop/DATA_LABELING_TASK_2/2/1-gate00261.jpg</path>
	<source>
		<database>Unknown</database>
	</source>
	<size>
		<width>1280</width>
		<height>738</height>
		<depth>3</depth>
	</size>
	<segmented>0</segmented>
	<object>
		<name>pipe_v</name>
		<pose>Unspecified</pose>
		<truncated>0</truncated>
		<difficult>0</difficult>
		<bndbox>
			<xmin>333</xmin>
			<ymin>107</ymin>
			<xmax>362</xmax>
			<ymax>473</ymax>
		</bndbox>
	</object>
	<object>
		<name>pipe_v</name>
		<pose>Unspecified</pose>
		<truncated>0</truncated>
		<difficult>0</difficult>
		<bndbox>
			<xmin>984</xmin>
			<ymin>99</ymin>
			<xmax>1017</xmax>
			<ymax>446</ymax>
		</bndbox>
	</object>
	<object>
		<name>pipe_h</name>
		<pose>Unspecified</pose>
		<truncated>0</truncated>
		<difficult>0</difficult>
		<bndbox>
			<xmin>314</xmin>
			<ymin>96</ymin>
			<xmax>1029</xmax>
			<ymax>129</ymax>
		</bndbox>
	</object>
	<object>
		<name>gate</name>
		<pose>Unspecified</pose>
		<truncated>0</truncated>
		<difficult>0</difficult>
		<bndbox>
			<xmin>323</xmin>
			<ymin>68</ymin>
			<xmax>1064</xmax>
			<ymax>479</ymax>
		</bndbox>
	</object>
</annotation>
