<annotation>
	<folder>2</folder>
	<filename>1-gate00241.jpg</filename>
	<path>/home/rahil/Desktop/DATA_LABELING_TASK_2/2/1-gate00241.jpg</path>
	<source>
		<database>Unknown</database>
	</source>
	<size>
		<width>1280</width>
		<height>738</height>
		<depth>3</depth>
	</size>
	<segmented>0</segmented>
	<object>
		<name>pipe_h</name>
		<pose>Unspecified</pose>
		<truncated>0</truncated>
		<difficult>0</difficult>
		<bndbox>
			<xmin>337</xmin>
			<ymin>94</ymin>
			<xmax>995</xmax>
			<ymax>131</ymax>
		</bndbox>
	</object>
	<object>
		<name>pipe_v</name>
		<pose>Unspecified</pose>
		<truncated>0</truncated>
		<difficult>0</difficult>
		<bndbox>
			<xmin>333</xmin>
			<ymin>110</ymin>
			<xmax>348</xmax>
			<ymax>437</ymax>
		</bndbox>
	</object>
	<object>
		<name>pipe_v</name>
		<pose>Unspecified</pose>
		<truncated>0</truncated>
		<difficult>0</difficult>
		<bndbox>
			<xmin>958</xmin>
			<ymin>102</ymin>
			<xmax>986</xmax>
			<ymax>418</ymax>
		</bndbox>
	</object>
	<object>
		<name>gate</name>
		<pose>Unspecified</pose>
		<truncated>0</truncated>
		<difficult>0</difficult>
		<bndbox>
			<xmin>310</xmin>
			<ymin>76</ymin>
			<xmax>1019</xmax>
			<ymax>454</ymax>
		</bndbox>
	</object>
</annotation>
