<annotation>
	<folder>2</folder>
	<filename>1-gate00121.jpg</filename>
	<path>/home/rahil/Desktop/DATA_LABELING_TASK_2/2/1-gate00121.jpg</path>
	<source>
		<database>Unknown</database>
	</source>
	<size>
		<width>1280</width>
		<height>738</height>
		<depth>3</depth>
	</size>
	<segmented>0</segmented>
	<object>
		<name>gate</name>
		<pose>Unspecified</pose>
		<truncated>0</truncated>
		<difficult>0</difficult>
		<bndbox>
			<xmin>341</xmin>
			<ymin>116</ymin>
			<xmax>862</xmax>
			<ymax>390</ymax>
		</bndbox>
	</object>
	<object>
		<name>pipe_v</name>
		<pose>Unspecified</pose>
		<truncated>0</truncated>
		<difficult>0</difficult>
		<bndbox>
			<xmin>349</xmin>
			<ymin>154</ymin>
			<xmax>364</xmax>
			<ymax>400</ymax>
		</bndbox>
	</object>
	<object>
		<name>pipe_v</name>
		<pose>Unspecified</pose>
		<truncated>0</truncated>
		<difficult>0</difficult>
		<bndbox>
			<xmin>825</xmin>
			<ymin>148</ymin>
			<xmax>852</xmax>
			<ymax>394</ymax>
		</bndbox>
	</object>
	<object>
		<name>pipe_h</name>
		<pose>Unspecified</pose>
		<truncated>0</truncated>
		<difficult>0</difficult>
		<bndbox>
			<xmin>343</xmin>
			<ymin>139</ymin>
			<xmax>847</xmax>
			<ymax>163</ymax>
		</bndbox>
	</object>
</annotation>
