<annotation>
	<folder>2</folder>
	<filename>2-buoy00309.jpg</filename>
	<path>/home/rahil/Desktop/DATA_LABELING_TASK_2/2/2-buoy00309.jpg</path>
	<source>
		<database>Unknown</database>
	</source>
	<size>
		<width>1280</width>
		<height>738</height>
		<depth>3</depth>
	</size>
	<segmented>0</segmented>
	<object>
		<name>buoy_green</name>
		<pose>Unspecified</pose>
		<truncated>0</truncated>
		<difficult>0</difficult>
		<bndbox>
			<xmin>848</xmin>
			<ymin>233</ymin>
			<xmax>893</xmax>
			<ymax>288</ymax>
		</bndbox>
	</object>
	<object>
		<name>buoy_red</name>
		<pose>Unspecified</pose>
		<truncated>0</truncated>
		<difficult>0</difficult>
		<bndbox>
			<xmin>696</xmin>
			<ymin>390</ymin>
			<xmax>756</xmax>
			<ymax>447</ymax>
		</bndbox>
	</object>
	<object>
		<name>buoy_yellow</name>
		<pose>Unspecified</pose>
		<truncated>0</truncated>
		<difficult>0</difficult>
		<bndbox>
			<xmin>543</xmin>
			<ymin>461</ymin>
			<xmax>617</xmax>
			<ymax>542</ymax>
		</bndbox>
	</object>
	<object>
		<name>path</name>
		<pose>Unspecified</pose>
		<truncated>0</truncated>
		<difficult>0</difficult>
		<bndbox>
			<xmin>381</xmin>
			<ymin>600</ymin>
			<xmax>577</xmax>
			<ymax>670</ymax>
		</bndbox>
	</object>
</annotation>
