<annotation>
	<folder>2</folder>
	<filename>2-buoy00337.jpg</filename>
	<path>/home/rahil/Desktop/DATA_LABELING_TASK_2/2/2-buoy00337.jpg</path>
	<source>
		<database>Unknown</database>
	</source>
	<size>
		<width>1280</width>
		<height>738</height>
		<depth>3</depth>
	</size>
	<segmented>0</segmented>
	<object>
		<name>buoy_green</name>
		<pose>Unspecified</pose>
		<truncated>0</truncated>
		<difficult>0</difficult>
		<bndbox>
			<xmin>833</xmin>
			<ymin>169</ymin>
			<xmax>888</xmax>
			<ymax>217</ymax>
		</bndbox>
	</object>
	<object>
		<name>buoy_yellow</name>
		<pose>Unspecified</pose>
		<truncated>0</truncated>
		<difficult>0</difficult>
		<bndbox>
			<xmin>552</xmin>
			<ymin>440</ymin>
			<xmax>637</xmax>
			<ymax>517</ymax>
		</bndbox>
	</object>
	<object>
		<name>path</name>
		<pose>Unspecified</pose>
		<truncated>0</truncated>
		<difficult>0</difficult>
		<bndbox>
			<xmin>366</xmin>
			<ymin>596</ymin>
			<xmax>595</xmax>
			<ymax>640</ymax>
		</bndbox>
	</object>
</annotation>
