<annotation>
	<folder>2</folder>
	<filename>2-buoy00253.jpg</filename>
	<path>/home/rahil/Desktop/DATA_LABELING_TASK_2/2/2-buoy00253.jpg</path>
	<source>
		<database>Unknown</database>
	</source>
	<size>
		<width>1280</width>
		<height>738</height>
		<depth>3</depth>
	</size>
	<segmented>0</segmented>
	<object>
		<name>path</name>
		<pose>Unspecified</pose>
		<truncated>0</truncated>
		<difficult>0</difficult>
		<bndbox>
			<xmin>417</xmin>
			<ymin>518</ymin>
			<xmax>560</xmax>
			<ymax>590</ymax>
		</bndbox>
	</object>
	<object>
		<name>buoy_yellow</name>
		<pose>Unspecified</pose>
		<truncated>0</truncated>
		<difficult>0</difficult>
		<bndbox>
			<xmin>471</xmin>
			<ymin>369</ymin>
			<xmax>534</xmax>
			<ymax>435</ymax>
		</bndbox>
	</object>
	<object>
		<name>buoy_red</name>
		<pose>Unspecified</pose>
		<truncated>0</truncated>
		<difficult>0</difficult>
		<bndbox>
			<xmin>640</xmin>
			<ymin>363</ymin>
			<xmax>693</xmax>
			<ymax>411</ymax>
		</bndbox>
	</object>
	<object>
		<name>buoy_green</name>
		<pose>Unspecified</pose>
		<truncated>0</truncated>
		<difficult>0</difficult>
		<bndbox>
			<xmin>806</xmin>
			<ymin>263</ymin>
			<xmax>855</xmax>
			<ymax>309</ymax>
		</bndbox>
	</object>
</annotation>
