<annotation>
	<folder>2</folder>
	<filename>2-buoy00316.jpg</filename>
	<path>/home/rahil/Desktop/DATA_LABELING_TASK_2/2/2-buoy00316.jpg</path>
	<source>
		<database>Unknown</database>
	</source>
	<size>
		<width>1280</width>
		<height>738</height>
		<depth>3</depth>
	</size>
	<segmented>0</segmented>
	<object>
		<name>path</name>
		<pose>Unspecified</pose>
		<truncated>0</truncated>
		<difficult>0</difficult>
		<bndbox>
			<xmin>362</xmin>
			<ymin>624</ymin>
			<xmax>564</xmax>
			<ymax>668</ymax>
		</bndbox>
	</object>
	<object>
		<name>buoy_yellow</name>
		<pose>Unspecified</pose>
		<truncated>0</truncated>
		<difficult>0</difficult>
		<bndbox>
			<xmin>517</xmin>
			<ymin>474</ymin>
			<xmax>628</xmax>
			<ymax>553</ymax>
		</bndbox>
	</object>
	<object>
		<name>buoy_red</name>
		<pose>Unspecified</pose>
		<truncated>0</truncated>
		<difficult>0</difficult>
		<bndbox>
			<xmin>686</xmin>
			<ymin>405</ymin>
			<xmax>744</xmax>
			<ymax>458</ymax>
		</bndbox>
	</object>
	<object>
		<name>buoy_green</name>
		<pose>Unspecified</pose>
		<truncated>0</truncated>
		<difficult>0</difficult>
		<bndbox>
			<xmin>829</xmin>
			<ymin>236</ymin>
			<xmax>885</xmax>
			<ymax>290</ymax>
		</bndbox>
	</object>
</annotation>
