<annotation>
	<folder>2</folder>
	<filename>2-buoy00099.jpg</filename>
	<path>/home/rahil/Desktop/DATA_LABELING_TASK_2/2/2-buoy00099.jpg</path>
	<source>
		<database>Unknown</database>
	</source>
	<size>
		<width>1280</width>
		<height>738</height>
		<depth>3</depth>
	</size>
	<segmented>0</segmented>
	<object>
		<name>buoy_red</name>
		<pose>Unspecified</pose>
		<truncated>0</truncated>
		<difficult>0</difficult>
		<bndbox>
			<xmin>4</xmin>
			<ymin>70</ymin>
			<xmax>49</xmax>
			<ymax>117</ymax>
		</bndbox>
	</object>
	<object>
		<name>path</name>
		<pose>Unspecified</pose>
		<truncated>0</truncated>
		<difficult>0</difficult>
		<bndbox>
			<xmin>655</xmin>
			<ymin>558</ymin>
			<xmax>877</xmax>
			<ymax>692</ymax>
		</bndbox>
	</object>
</annotation>
