<annotation>
	<folder>2</folder>
	<filename>146.jpg</filename>
	<path>/home/rahil/Desktop/DATA_LABELING_TASK/2/146.jpg</path>
	<source>
		<database>Unknown</database>
	</source>
	<size>
		<width>600</width>
		<height>450</height>
		<depth>3</depth>
	</size>
	<segmented>0</segmented>
	<object>
		<name>buoy_red</name>
		<pose>Unspecified</pose>
		<truncated>0</truncated>
		<difficult>0</difficult>
		<bndbox>
			<xmin>193</xmin>
			<ymin>234</ymin>
			<xmax>239</xmax>
			<ymax>275</ymax>
		</bndbox>
	</object>
</annotation>
