<annotation>
	<folder>2</folder>
	<filename>247.jpg</filename>
	<path>/home/rahil/Desktop/DATA_LABELING_TASK/2/247.jpg</path>
	<source>
		<database>Unknown</database>
	</source>
	<size>
		<width>600</width>
		<height>450</height>
		<depth>3</depth>
	</size>
	<segmented>0</segmented>
	<object>
		<name>buoy_red</name>
		<pose>Unspecified</pose>
		<truncated>0</truncated>
		<difficult>0</difficult>
		<bndbox>
			<xmin>338</xmin>
			<ymin>186</ymin>
			<xmax>363</xmax>
			<ymax>211</ymax>
		</bndbox>
	</object>
</annotation>
