<annotation>
	<folder>2</folder>
	<filename>3-buoy00061.jpg</filename>
	<path>/home/rahil/Desktop/DATA_LABELING_TASK/2/3-buoy00061.jpg</path>
	<source>
		<database>Unknown</database>
	</source>
	<size>
		<width>1280</width>
		<height>738</height>
		<depth>3</depth>
	</size>
	<segmented>0</segmented>
	<object>
		<name>buoy_red</name>
		<pose>Unspecified</pose>
		<truncated>0</truncated>
		<difficult>0</difficult>
		<bndbox>
			<xmin>641</xmin>
			<ymin>339</ymin>
			<xmax>703</xmax>
			<ymax>393</ymax>
		</bndbox>
	</object>
	<object>
		<name>buoy_green</name>
		<pose>Unspecified</pose>
		<truncated>0</truncated>
		<difficult>0</difficult>
		<bndbox>
			<xmin>833</xmin>
			<ymin>398</ymin>
			<xmax>871</xmax>
			<ymax>449</ymax>
		</bndbox>
	</object>
</annotation>
