<annotation>
	<folder>2</folder>
	<filename>3-buoy01161.jpg</filename>
	<path>/home/rahil/Desktop/DATA_LABELING_TASK/2/3-buoy01161.jpg</path>
	<source>
		<database>Unknown</database>
	</source>
	<size>
		<width>1280</width>
		<height>738</height>
		<depth>3</depth>
	</size>
	<segmented>0</segmented>
	<object>
		<name>buoy_red</name>
		<pose>Unspecified</pose>
		<truncated>0</truncated>
		<difficult>0</difficult>
		<bndbox>
			<xmin>614</xmin>
			<ymin>401</ymin>
			<xmax>706</xmax>
			<ymax>478</ymax>
		</bndbox>
	</object>
	<object>
		<name>buoy_green</name>
		<pose>Unspecified</pose>
		<truncated>0</truncated>
		<difficult>0</difficult>
		<bndbox>
			<xmin>984</xmin>
			<ymin>524</ymin>
			<xmax>1049</xmax>
			<ymax>594</ymax>
		</bndbox>
	</object>
</annotation>
