<annotation>
	<folder>2</folder>
	<filename>3-buoy00221.jpg</filename>
	<path>/home/rahil/Desktop/DATA_LABELING_TASK/2/3-buoy00221.jpg</path>
	<source>
		<database>Unknown</database>
	</source>
	<size>
		<width>1280</width>
		<height>738</height>
		<depth>3</depth>
	</size>
	<segmented>0</segmented>
	<object>
		<name>buoy_red</name>
		<pose>Unspecified</pose>
		<truncated>0</truncated>
		<difficult>0</difficult>
		<bndbox>
			<xmin>637</xmin>
			<ymin>396</ymin>
			<xmax>700</xmax>
			<ymax>456</ymax>
		</bndbox>
	</object>
	<object>
		<name>buoy_green</name>
		<pose>Unspecified</pose>
		<truncated>0</truncated>
		<difficult>0</difficult>
		<bndbox>
			<xmin>841</xmin>
			<ymin>482</ymin>
			<xmax>893</xmax>
			<ymax>542</ymax>
		</bndbox>
	</object>
</annotation>
