<annotation>
	<folder>2</folder>
	<filename>3-buoy00121.jpg</filename>
	<path>/home/rahil/Desktop/DATA_LABELING_TASK/2/3-buoy00121.jpg</path>
	<source>
		<database>Unknown</database>
	</source>
	<size>
		<width>1280</width>
		<height>738</height>
		<depth>3</depth>
	</size>
	<segmented>0</segmented>
	<object>
		<name>buoy_red</name>
		<pose>Unspecified</pose>
		<truncated>0</truncated>
		<difficult>0</difficult>
		<bndbox>
			<xmin>582</xmin>
			<ymin>365</ymin>
			<xmax>644</xmax>
			<ymax>426</ymax>
		</bndbox>
	</object>
	<object>
		<name>buoy_green</name>
		<pose>Unspecified</pose>
		<truncated>0</truncated>
		<difficult>0</difficult>
		<bndbox>
			<xmin>781</xmin>
			<ymin>434</ymin>
			<xmax>828</xmax>
			<ymax>486</ymax>
		</bndbox>
	</object>
</annotation>
