<annotation>
	<folder>2</folder>
	<filename>3-buoy00541.jpg</filename>
	<path>/home/rahil/Desktop/DATA_LABELING_TASK/2/3-buoy00541.jpg</path>
	<source>
		<database>Unknown</database>
	</source>
	<size>
		<width>1280</width>
		<height>738</height>
		<depth>3</depth>
	</size>
	<segmented>0</segmented>
	<object>
		<name>buoy_red</name>
		<pose>Unspecified</pose>
		<truncated>0</truncated>
		<difficult>0</difficult>
		<bndbox>
			<xmin>664</xmin>
			<ymin>405</ymin>
			<xmax>733</xmax>
			<ymax>471</ymax>
		</bndbox>
	</object>
	<object>
		<name>buoy_green</name>
		<pose>Unspecified</pose>
		<truncated>0</truncated>
		<difficult>0</difficult>
		<bndbox>
			<xmin>975</xmin>
			<ymin>494</ymin>
			<xmax>1028</xmax>
			<ymax>549</ymax>
		</bndbox>
	</object>
</annotation>
