<annotation>
	<folder>2</folder>
	<filename>3-gate00121.jpg</filename>
	<path>/home/rahil/Desktop/DATA_LABELING_TASK/2/3-gate00121.jpg</path>
	<source>
		<database>Unknown</database>
	</source>
	<size>
		<width>1280</width>
		<height>738</height>
		<depth>3</depth>
	</size>
	<segmented>0</segmented>
	<object>
		<name>pipe_v</name>
		<pose>Unspecified</pose>
		<truncated>0</truncated>
		<difficult>0</difficult>
		<bndbox>
			<xmin>97</xmin>
			<ymin>212</ymin>
			<xmax>152</xmax>
			<ymax>679</ymax>
		</bndbox>
	</object>
	<object>
		<name>pipe_v</name>
		<pose>Unspecified</pose>
		<truncated>0</truncated>
		<difficult>0</difficult>
		<bndbox>
			<xmin>940</xmin>
			<ymin>215</ymin>
			<xmax>1018</xmax>
			<ymax>649</ymax>
		</bndbox>
	</object>
	<object>
		<name>pipe_h</name>
		<pose>Unspecified</pose>
		<truncated>0</truncated>
		<difficult>0</difficult>
		<bndbox>
			<xmin>100</xmin>
			<ymin>213</ymin>
			<xmax>984</xmax>
			<ymax>257</ymax>
		</bndbox>
	</object>
	<object>
		<name>gate</name>
		<pose>Unspecified</pose>
		<truncated>0</truncated>
		<difficult>0</difficult>
		<bndbox>
			<xmin>93</xmin>
			<ymin>198</ymin>
			<xmax>1023</xmax>
			<ymax>689</ymax>
		</bndbox>
	</object>
</annotation>
