<annotation>
	<folder>2</folder>
	<filename>3-gate00305.jpg</filename>
	<path>/home/rahil/Desktop/DATA_LABELING_TASK/2/3-gate00305.jpg</path>
	<source>
		<database>Unknown</database>
	</source>
	<size>
		<width>1280</width>
		<height>738</height>
		<depth>3</depth>
	</size>
	<segmented>0</segmented>
	<object>
		<name>pipe_v</name>
		<pose>Unspecified</pose>
		<truncated>0</truncated>
		<difficult>0</difficult>
		<bndbox>
			<xmin>18</xmin>
			<ymin>33</ymin>
			<xmax>58</xmax>
			<ymax>635</ymax>
		</bndbox>
	</object>
	<object>
		<name>pipe_v</name>
		<pose>Unspecified</pose>
		<truncated>0</truncated>
		<difficult>0</difficult>
		<bndbox>
			<xmin>1115</xmin>
			<ymin>31</ymin>
			<xmax>1208</xmax>
			<ymax>579</ymax>
		</bndbox>
	</object>
	<object>
		<name>pipe_h</name>
		<pose>Unspecified</pose>
		<truncated>0</truncated>
		<difficult>0</difficult>
		<bndbox>
			<xmin>11</xmin>
			<ymin>24</ymin>
			<xmax>1148</xmax>
			<ymax>70</ymax>
		</bndbox>
	</object>
	<object>
		<name>gate</name>
		<pose>Unspecified</pose>
		<truncated>0</truncated>
		<difficult>0</difficult>
		<bndbox>
			<xmin>7</xmin>
			<ymin>4</ymin>
			<xmax>1219</xmax>
			<ymax>643</ymax>
		</bndbox>
	</object>
</annotation>
