<annotation>
	<folder>2</folder>
	<filename>3-gate00185.jpg</filename>
	<path>/home/rahil/Desktop/DATA_LABELING_TASK/2/3-gate00185.jpg</path>
	<source>
		<database>Unknown</database>
	</source>
	<size>
		<width>1280</width>
		<height>738</height>
		<depth>3</depth>
	</size>
	<segmented>0</segmented>
	<object>
		<name>pipe_v</name>
		<pose>Unspecified</pose>
		<truncated>0</truncated>
		<difficult>0</difficult>
		<bndbox>
			<xmin>175</xmin>
			<ymin>126</ymin>
			<xmax>212</xmax>
			<ymax>615</ymax>
		</bndbox>
	</object>
	<object>
		<name>pipe_v</name>
		<pose>Unspecified</pose>
		<truncated>0</truncated>
		<difficult>0</difficult>
		<bndbox>
			<xmin>1059</xmin>
			<ymin>86</ymin>
			<xmax>1141</xmax>
			<ymax>550</ymax>
		</bndbox>
	</object>
	<object>
		<name>pipe_h</name>
		<pose>Unspecified</pose>
		<truncated>0</truncated>
		<difficult>0</difficult>
		<bndbox>
			<xmin>171</xmin>
			<ymin>74</ymin>
			<xmax>1107</xmax>
			<ymax>123</ymax>
		</bndbox>
	</object>
	<object>
		<name>gate</name>
		<pose>Unspecified</pose>
		<truncated>0</truncated>
		<difficult>0</difficult>
		<bndbox>
			<xmin>166</xmin>
			<ymin>72</ymin>
			<xmax>1156</xmax>
			<ymax>629</ymax>
		</bndbox>
	</object>
</annotation>
