<annotation>
	<folder>2</folder>
	<filename>3-gate00017.jpg</filename>
	<path>/home/rahil/Desktop/DATA_LABELING_TASK/2/3-gate00017.jpg</path>
	<source>
		<database>Unknown</database>
	</source>
	<size>
		<width>1280</width>
		<height>738</height>
		<depth>3</depth>
	</size>
	<segmented>0</segmented>
	<object>
		<name>pipe_v</name>
		<pose>Unspecified</pose>
		<truncated>0</truncated>
		<difficult>0</difficult>
		<bndbox>
			<xmin>289</xmin>
			<ymin>10</ymin>
			<xmax>313</xmax>
			<ymax>437</ymax>
		</bndbox>
	</object>
	<object>
		<name>pipe_v</name>
		<pose>Unspecified</pose>
		<truncated>0</truncated>
		<difficult>0</difficult>
		<bndbox>
			<xmin>1085</xmin>
			<ymin>20</ymin>
			<xmax>1137</xmax>
			<ymax>435</ymax>
		</bndbox>
	</object>
	<object>
		<name>pipe_h</name>
		<pose>Unspecified</pose>
		<truncated>0</truncated>
		<difficult>0</difficult>
		<bndbox>
			<xmin>301</xmin>
			<ymin>8</ymin>
			<xmax>1123</xmax>
			<ymax>35</ymax>
		</bndbox>
	</object>
	<object>
		<name>gate</name>
		<pose>Unspecified</pose>
		<truncated>1</truncated>
		<difficult>0</difficult>
		<bndbox>
			<xmin>286</xmin>
			<ymin>1</ymin>
			<xmax>1162</xmax>
			<ymax>479</ymax>
		</bndbox>
	</object>
</annotation>
