<annotation>
	<folder>2</folder>
	<filename>3-gate00229.jpg</filename>
	<path>/home/rahil/Desktop/DATA_LABELING_TASK/2/3-gate00229.jpg</path>
	<source>
		<database>Unknown</database>
	</source>
	<size>
		<width>1280</width>
		<height>738</height>
		<depth>3</depth>
	</size>
	<segmented>0</segmented>
	<object>
		<name>pipe_v</name>
		<pose>Unspecified</pose>
		<truncated>0</truncated>
		<difficult>0</difficult>
		<bndbox>
			<xmin>101</xmin>
			<ymin>15</ymin>
			<xmax>144</xmax>
			<ymax>534</ymax>
		</bndbox>
	</object>
	<object>
		<name>pipe_v</name>
		<pose>Unspecified</pose>
		<truncated>0</truncated>
		<difficult>0</difficult>
		<bndbox>
			<xmin>1054</xmin>
			<ymin>11</ymin>
			<xmax>1132</xmax>
			<ymax>500</ymax>
		</bndbox>
	</object>
	<object>
		<name>pipe_h</name>
		<pose>Unspecified</pose>
		<truncated>0</truncated>
		<difficult>0</difficult>
		<bndbox>
			<xmin>97</xmin>
			<ymin>16</ymin>
			<xmax>1096</xmax>
			<ymax>46</ymax>
		</bndbox>
	</object>
	<object>
		<name>gate</name>
		<pose>Unspecified</pose>
		<truncated>1</truncated>
		<difficult>0</difficult>
		<bndbox>
			<xmin>92</xmin>
			<ymin>1</ymin>
			<xmax>1132</xmax>
			<ymax>543</ymax>
		</bndbox>
	</object>
</annotation>
