<annotation>
	<folder>2</folder>
	<filename>4-buoy00751.jpg</filename>
	<path>/home/rahil/Desktop/DATA_LABELING_TASK/2/4-buoy00751.jpg</path>
	<source>
		<database>Unknown</database>
	</source>
	<size>
		<width>1280</width>
		<height>738</height>
		<depth>3</depth>
	</size>
	<segmented>0</segmented>
	<object>
		<name>buoy_red</name>
		<pose>Unspecified</pose>
		<truncated>0</truncated>
		<difficult>0</difficult>
		<bndbox>
			<xmin>619</xmin>
			<ymin>305</ymin>
			<xmax>669</xmax>
			<ymax>359</ymax>
		</bndbox>
	</object>
	<object>
		<name>buoy_green</name>
		<pose>Unspecified</pose>
		<truncated>0</truncated>
		<difficult>0</difficult>
		<bndbox>
			<xmin>478</xmin>
			<ymin>354</ymin>
			<xmax>538</xmax>
			<ymax>401</ymax>
		</bndbox>
	</object>
</annotation>
