<annotation>
	<folder>2</folder>
	<filename>4-buoy00061.jpg</filename>
	<path>/home/rahil/Desktop/DATA_LABELING_TASK/2/4-buoy00061.jpg</path>
	<source>
		<database>Unknown</database>
	</source>
	<size>
		<width>1280</width>
		<height>738</height>
		<depth>3</depth>
	</size>
	<segmented>0</segmented>
	<object>
		<name>buoy_red</name>
		<pose>Unspecified</pose>
		<truncated>0</truncated>
		<difficult>0</difficult>
		<bndbox>
			<xmin>341</xmin>
			<ymin>334</ymin>
			<xmax>407</xmax>
			<ymax>397</ymax>
		</bndbox>
	</object>
	<object>
		<name>buoy_green</name>
		<pose>Unspecified</pose>
		<truncated>0</truncated>
		<difficult>0</difficult>
		<bndbox>
			<xmin>278</xmin>
			<ymin>315</ymin>
			<xmax>330</xmax>
			<ymax>374</ymax>
		</bndbox>
	</object>
	<object>
		<name>buoy_green</name>
		<pose>Unspecified</pose>
		<truncated>0</truncated>
		<difficult>0</difficult>
		<bndbox>
			<xmin>185</xmin>
			<ymin>356</ymin>
			<xmax>237</xmax>
			<ymax>398</ymax>
		</bndbox>
	</object>
</annotation>
