<annotation>
	<folder>2</folder>
	<filename>4-buoy00031.jpg</filename>
	<path>/home/rahil/Desktop/DATA_LABELING_TASK/2/4-buoy00031.jpg</path>
	<source>
		<database>Unknown</database>
	</source>
	<size>
		<width>1280</width>
		<height>738</height>
		<depth>3</depth>
	</size>
	<segmented>0</segmented>
	<object>
		<name>buoy_red</name>
		<pose>Unspecified</pose>
		<truncated>0</truncated>
		<difficult>0</difficult>
		<bndbox>
			<xmin>345</xmin>
			<ymin>317</ymin>
			<xmax>411</xmax>
			<ymax>382</ymax>
		</bndbox>
	</object>
	<object>
		<name>buoy_green</name>
		<pose>Unspecified</pose>
		<truncated>0</truncated>
		<difficult>0</difficult>
		<bndbox>
			<xmin>277</xmin>
			<ymin>294</ymin>
			<xmax>330</xmax>
			<ymax>359</ymax>
		</bndbox>
	</object>
	<object>
		<name>buoy_green</name>
		<pose>Unspecified</pose>
		<truncated>0</truncated>
		<difficult>0</difficult>
		<bndbox>
			<xmin>197</xmin>
			<ymin>326</ymin>
			<xmax>230</xmax>
			<ymax>374</ymax>
		</bndbox>
	</object>
</annotation>
