<annotation>
	<folder>2</folder>
	<filename>4-buoy00466.jpg</filename>
	<path>/home/rahil/Desktop/DATA_LABELING_TASK/2/4-buoy00466.jpg</path>
	<source>
		<database>Unknown</database>
	</source>
	<size>
		<width>1280</width>
		<height>738</height>
		<depth>3</depth>
	</size>
	<segmented>0</segmented>
	<object>
		<name>buoy_green</name>
		<pose>Unspecified</pose>
		<truncated>0</truncated>
		<difficult>0</difficult>
		<bndbox>
			<xmin>340</xmin>
			<ymin>374</ymin>
			<xmax>369</xmax>
			<ymax>408</ymax>
		</bndbox>
	</object>
	<object>
		<name>buoy_green</name>
		<pose>Unspecified</pose>
		<truncated>0</truncated>
		<difficult>0</difficult>
		<bndbox>
			<xmin>415</xmin>
			<ymin>342</ymin>
			<xmax>458</xmax>
			<ymax>386</ymax>
		</bndbox>
	</object>
	<object>
		<name>buoy_red</name>
		<pose>Unspecified</pose>
		<truncated>0</truncated>
		<difficult>0</difficult>
		<bndbox>
			<xmin>470</xmin>
			<ymin>349</ymin>
			<xmax>522</xmax>
			<ymax>401</ymax>
		</bndbox>
	</object>
</annotation>
