<annotation>
	<folder>2</folder>
	<filename>4-buoy00316.jpg</filename>
	<path>/home/rahil/Desktop/DATA_LABELING_TASK/2/4-buoy00316.jpg</path>
	<source>
		<database>Unknown</database>
	</source>
	<size>
		<width>1280</width>
		<height>738</height>
		<depth>3</depth>
	</size>
	<segmented>0</segmented>
	<object>
		<name>buoy_green</name>
		<pose>Unspecified</pose>
		<truncated>0</truncated>
		<difficult>0</difficult>
		<bndbox>
			<xmin>185</xmin>
			<ymin>401</ymin>
			<xmax>225</xmax>
			<ymax>438</ymax>
		</bndbox>
	</object>
	<object>
		<name>buoy_green</name>
		<pose>Unspecified</pose>
		<truncated>0</truncated>
		<difficult>0</difficult>
		<bndbox>
			<xmin>271</xmin>
			<ymin>374</ymin>
			<xmax>315</xmax>
			<ymax>419</ymax>
		</bndbox>
	</object>
	<object>
		<name>buoy_red</name>
		<pose>Unspecified</pose>
		<truncated>0</truncated>
		<difficult>0</difficult>
		<bndbox>
			<xmin>322</xmin>
			<ymin>383</ymin>
			<xmax>385</xmax>
			<ymax>438</ymax>
		</bndbox>
	</object>
</annotation>
