<annotation>
	<folder>10</folder>
	<filename>20-buoy00401.jpg</filename>
	<path>/home/shubham/Desktop/AUV tasks/DATA_LABELING_TASK/10/20-buoy00401.jpg</path>
	<source>
		<database>Unknown</database>
	</source>
	<size>
		<width>480</width>
		<height>354</height>
		<depth>3</depth>
	</size>
	<segmented>0</segmented>
	<object>
		<name>buoy_green</name>
		<pose>Unspecified</pose>
		<truncated>0</truncated>
		<difficult>0</difficult>
		<bndbox>
			<xmin>111</xmin>
			<ymin>219</ymin>
			<xmax>145</xmax>
			<ymax>249</ymax>
		</bndbox>
	</object>
	<object>
		<name>buoy_green</name>
		<pose>Unspecified</pose>
		<truncated>0</truncated>
		<difficult>0</difficult>
		<bndbox>
			<xmin>327</xmin>
			<ymin>143</ymin>
			<xmax>356</xmax>
			<ymax>171</ymax>
		</bndbox>
	</object>
	<object>
		<name>buoy_red</name>
		<pose>Unspecified</pose>
		<truncated>0</truncated>
		<difficult>0</difficult>
		<bndbox>
			<xmin>229</xmin>
			<ymin>174</ymin>
			<xmax>265</xmax>
			<ymax>207</ymax>
		</bndbox>
	</object>
	<object>
		<name>pipe_v</name>
		<pose>Unspecified</pose>
		<truncated>0</truncated>
		<difficult>0</difficult>
		<bndbox>
			<xmin>142</xmin>
			<ymin>128</ymin>
			<xmax>147</xmax>
			<ymax>174</ymax>
		</bndbox>
	</object>
	<object>
		<name>pipe_v</name>
		<pose>Unspecified</pose>
		<truncated>0</truncated>
		<difficult>0</difficult>
		<bndbox>
			<xmin>206</xmin>
			<ymin>127</ymin>
			<xmax>213</xmax>
			<ymax>176</ymax>
		</bndbox>
	</object>
	<object>
		<name>pipe_h</name>
		<pose>Unspecified</pose>
		<truncated>0</truncated>
		<difficult>0</difficult>
		<bndbox>
			<xmin>142</xmin>
			<ymin>172</ymin>
			<xmax>213</xmax>
			<ymax>178</ymax>
		</bndbox>
	</object>
	<object>
		<name>gate</name>
		<pose>Unspecified</pose>
		<truncated>0</truncated>
		<difficult>0</difficult>
		<bndbox>
			<xmin>142</xmin>
			<ymin>128</ymin>
			<xmax>213</xmax>
			<ymax>177</ymax>
		</bndbox>
	</object>
	<object>
		<name>path</name>
		<pose>Unspecified</pose>
		<truncated>0</truncated>
		<difficult>0</difficult>
		<bndbox>
			<xmin>207</xmin>
			<ymin>277</ymin>
			<xmax>235</xmax>
			<ymax>322</ymax>
		</bndbox>
	</object>
</annotation>
