<annotation>
	<folder>10</folder>
	<filename>22-buoy00196.jpg</filename>
	<path>/home/shubham/Desktop/AUV tasks/DATA_LABELING_TASK/10/22-buoy00196.jpg</path>
	<source>
		<database>Unknown</database>
	</source>
	<size>
		<width>480</width>
		<height>386</height>
		<depth>3</depth>
	</size>
	<segmented>0</segmented>
	<object>
		<name>buoy_red</name>
		<pose>Unspecified</pose>
		<truncated>0</truncated>
		<difficult>0</difficult>
		<bndbox>
			<xmin>206</xmin>
			<ymin>118</ymin>
			<xmax>270</xmax>
			<ymax>187</ymax>
		</bndbox>
	</object>
	<object>
		<name>pipe_v</name>
		<pose>Unspecified</pose>
		<truncated>0</truncated>
		<difficult>0</difficult>
		<bndbox>
			<xmin>186</xmin>
			<ymin>160</ymin>
			<xmax>193</xmax>
			<ymax>217</ymax>
		</bndbox>
	</object>
	<object>
		<name>pipe_v</name>
		<pose>Unspecified</pose>
		<truncated>0</truncated>
		<difficult>0</difficult>
		<bndbox>
			<xmin>277</xmin>
			<ymin>152</ymin>
			<xmax>280</xmax>
			<ymax>208</ymax>
		</bndbox>
	</object>
	<object>
		<name>pipe_h</name>
		<pose>Unspecified</pose>
		<truncated>0</truncated>
		<difficult>0</difficult>
		<bndbox>
			<xmin>184</xmin>
			<ymin>207</ymin>
			<xmax>274</xmax>
			<ymax>221</ymax>
		</bndbox>
	</object>
	<object>
		<name>gate</name>
		<pose>Unspecified</pose>
		<truncated>0</truncated>
		<difficult>0</difficult>
		<bndbox>
			<xmin>186</xmin>
			<ymin>163</ymin>
			<xmax>274</xmax>
			<ymax>208</ymax>
		</bndbox>
	</object>
</annotation>
