<annotation>
	<folder>10</folder>
	<filename>23-buoy00361.jpg</filename>
	<path>/home/shubham/Desktop/AUV tasks/DATA_LABELING_TASK/10/23-buoy00361.jpg</path>
	<source>
		<database>Unknown</database>
	</source>
	<size>
		<width>320</width>
		<height>258</height>
		<depth>3</depth>
	</size>
	<segmented>0</segmented>
	<object>
		<name>buoy_red</name>
		<pose>Unspecified</pose>
		<truncated>0</truncated>
		<difficult>0</difficult>
		<bndbox>
			<xmin>157</xmin>
			<ymin>147</ymin>
			<xmax>185</xmax>
			<ymax>173</ymax>
		</bndbox>
	</object>
	<object>
		<name>pipe_v</name>
		<pose>Unspecified</pose>
		<truncated>0</truncated>
		<difficult>0</difficult>
		<bndbox>
			<xmin>70</xmin>
			<ymin>142</ymin>
			<xmax>82</xmax>
			<ymax>255</ymax>
		</bndbox>
	</object>
	<object>
		<name>pipe_v</name>
		<pose>Unspecified</pose>
		<truncated>1</truncated>
		<difficult>0</difficult>
		<bndbox>
			<xmin>3</xmin>
			<ymin>140</ymin>
			<xmax>17</xmax>
			<ymax>258</ymax>
		</bndbox>
	</object>
	<object>
		<name>gate</name>
		<pose>Unspecified</pose>
		<truncated>0</truncated>
		<difficult>0</difficult>
		<bndbox>
			<xmin>8</xmin>
			<ymin>143</ymin>
			<xmax>77</xmax>
			<ymax>255</ymax>
		</bndbox>
	</object>
</annotation>
