<annotation>
	<folder>10</folder>
	<filename>25-buoy00281.jpg</filename>
	<path>/home/shubham/Desktop/AUV tasks/DATA_LABELING_TASK/10/25-buoy00281.jpg</path>
	<source>
		<database>Unknown</database>
	</source>
	<size>
		<width>480</width>
		<height>354</height>
		<depth>3</depth>
	</size>
	<segmented>0</segmented>
	<object>
		<name>buoy_green</name>
		<pose>Unspecified</pose>
		<truncated>0</truncated>
		<difficult>0</difficult>
		<bndbox>
			<xmin>56</xmin>
			<ymin>254</ymin>
			<xmax>105</xmax>
			<ymax>300</ymax>
		</bndbox>
	</object>
	<object>
		<name>buoy_green</name>
		<pose>Unspecified</pose>
		<truncated>0</truncated>
		<difficult>0</difficult>
		<bndbox>
			<xmin>309</xmin>
			<ymin>129</ymin>
			<xmax>341</xmax>
			<ymax>167</ymax>
		</bndbox>
	</object>
	<object>
		<name>buoy_red</name>
		<pose>Unspecified</pose>
		<truncated>0</truncated>
		<difficult>0</difficult>
		<bndbox>
			<xmin>217</xmin>
			<ymin>174</ymin>
			<xmax>256</xmax>
			<ymax>214</ymax>
		</bndbox>
	</object>
	<object>
		<name>path</name>
		<pose>Unspecified</pose>
		<truncated>0</truncated>
		<difficult>0</difficult>
		<bndbox>
			<xmin>155</xmin>
			<ymin>296</ymin>
			<xmax>196</xmax>
			<ymax>347</ymax>
		</bndbox>
	</object>
	<object>
		<name>pipe_v</name>
		<pose>Unspecified</pose>
		<truncated>0</truncated>
		<difficult>0</difficult>
		<bndbox>
			<xmin>43</xmin>
			<ymin>122</ymin>
			<xmax>52</xmax>
			<ymax>181</ymax>
		</bndbox>
	</object>
	<object>
		<name>pipe_v</name>
		<pose>Unspecified</pose>
		<truncated>0</truncated>
		<difficult>0</difficult>
		<bndbox>
			<xmin>120</xmin>
			<ymin>117</ymin>
			<xmax>125</xmax>
			<ymax>174</ymax>
		</bndbox>
	</object>
	<object>
		<name>pipe_h</name>
		<pose>Unspecified</pose>
		<truncated>0</truncated>
		<difficult>0</difficult>
		<bndbox>
			<xmin>43</xmin>
			<ymin>173</ymin>
			<xmax>125</xmax>
			<ymax>183</ymax>
		</bndbox>
	</object>
	<object>
		<name>gate</name>
		<pose>Unspecified</pose>
		<truncated>0</truncated>
		<difficult>0</difficult>
		<bndbox>
			<xmin>43</xmin>
			<ymin>126</ymin>
			<xmax>123</xmax>
			<ymax>176</ymax>
		</bndbox>
	</object>
</annotation>
