<annotation>
	<folder>10</folder>
	<filename>19-buoy00361.jpg</filename>
	<path>/home/shubham/Desktop/labeling tak 2/DATA_LABELING_TASK_2/10/19-buoy00361.jpg</path>
	<source>
		<database>Unknown</database>
	</source>
	<size>
		<width>1280</width>
		<height>738</height>
		<depth>3</depth>
	</size>
	<segmented>0</segmented>
	<object>
		<name>buoy_green</name>
		<pose>Unspecified</pose>
		<truncated>0</truncated>
		<difficult>0</difficult>
		<bndbox>
			<xmin>413</xmin>
			<ymin>373</ymin>
			<xmax>461</xmax>
			<ymax>449</ymax>
		</bndbox>
	</object>
	<object>
		<name>buoy_red</name>
		<pose>Unspecified</pose>
		<truncated>0</truncated>
		<difficult>0</difficult>
		<bndbox>
			<xmin>494</xmin>
			<ymin>347</ymin>
			<xmax>534</xmax>
			<ymax>419</ymax>
		</bndbox>
	</object>
	<object>
		<name>buoy_green</name>
		<pose>Unspecified</pose>
		<truncated>0</truncated>
		<difficult>0</difficult>
		<bndbox>
			<xmin>528</xmin>
			<ymin>413</ymin>
			<xmax>550</xmax>
			<ymax>446</ymax>
		</bndbox>
	</object>
</annotation>
