<annotation>
	<folder>10</folder>
	<filename>19-buoy00681.jpg</filename>
	<path>/home/shubham/Desktop/labeling tak 2/DATA_LABELING_TASK_2/10/19-buoy00681.jpg</path>
	<source>
		<database>Unknown</database>
	</source>
	<size>
		<width>1280</width>
		<height>738</height>
		<depth>3</depth>
	</size>
	<segmented>0</segmented>
	<object>
		<name>buoy_green</name>
		<pose>Unspecified</pose>
		<truncated>0</truncated>
		<difficult>0</difficult>
		<bndbox>
			<xmin>152</xmin>
			<ymin>374</ymin>
			<xmax>194</xmax>
			<ymax>441</ymax>
		</bndbox>
	</object>
	<object>
		<name>buoy_green</name>
		<pose>Unspecified</pose>
		<truncated>0</truncated>
		<difficult>0</difficult>
		<bndbox>
			<xmin>498</xmin>
			<ymin>371</ymin>
			<xmax>544</xmax>
			<ymax>415</ymax>
		</bndbox>
	</object>
	<object>
		<name>buoy_red</name>
		<pose>Unspecified</pose>
		<truncated>0</truncated>
		<difficult>0</difficult>
		<bndbox>
			<xmin>229</xmin>
			<ymin>331</ymin>
			<xmax>294</xmax>
			<ymax>407</ymax>
		</bndbox>
	</object>
</annotation>
