<annotation>
	<folder>10</folder>
	<filename>19-buoy01421.jpg</filename>
	<path>/home/shubham/Desktop/labeling tak 2/DATA_LABELING_TASK_2/10/19-buoy01421.jpg</path>
	<source>
		<database>Unknown</database>
	</source>
	<size>
		<width>1280</width>
		<height>738</height>
		<depth>3</depth>
	</size>
	<segmented>0</segmented>
	<object>
		<name>buoy_green</name>
		<pose>Unspecified</pose>
		<truncated>0</truncated>
		<difficult>0</difficult>
		<bndbox>
			<xmin>516</xmin>
			<ymin>434</ymin>
			<xmax>574</xmax>
			<ymax>491</ymax>
		</bndbox>
	</object>
	<object>
		<name>buoy_green</name>
		<pose>Unspecified</pose>
		<truncated>0</truncated>
		<difficult>0</difficult>
		<bndbox>
			<xmin>726</xmin>
			<ymin>394</ymin>
			<xmax>761</xmax>
			<ymax>461</ymax>
		</bndbox>
	</object>
	<object>
		<name>buoy_red</name>
		<pose>Unspecified</pose>
		<truncated>0</truncated>
		<difficult>0</difficult>
		<bndbox>
			<xmin>628</xmin>
			<ymin>404</ymin>
			<xmax>664</xmax>
			<ymax>482</ymax>
		</bndbox>
	</object>
</annotation>
