<annotation>
	<folder>10</folder>
	<filename>19-buoy01051.jpg</filename>
	<path>/home/shubham/Desktop/labeling tak 2/DATA_LABELING_TASK_2/10/19-buoy01051.jpg</path>
	<source>
		<database>Unknown</database>
	</source>
	<size>
		<width>1280</width>
		<height>738</height>
		<depth>3</depth>
	</size>
	<segmented>0</segmented>
	<object>
		<name>buoy_green</name>
		<pose>Unspecified</pose>
		<truncated>0</truncated>
		<difficult>0</difficult>
		<bndbox>
			<xmin>31</xmin>
			<ymin>543</ymin>
			<xmax>74</xmax>
			<ymax>607</ymax>
		</bndbox>
	</object>
	<object>
		<name>buoy_green</name>
		<pose>Unspecified</pose>
		<truncated>0</truncated>
		<difficult>0</difficult>
		<bndbox>
			<xmin>262</xmin>
			<ymin>494</ymin>
			<xmax>319</xmax>
			<ymax>550</ymax>
		</bndbox>
	</object>
	<object>
		<name>buoy_red</name>
		<pose>Unspecified</pose>
		<truncated>0</truncated>
		<difficult>0</difficult>
		<bndbox>
			<xmin>141</xmin>
			<ymin>507</ymin>
			<xmax>180</xmax>
			<ymax>582</ymax>
		</bndbox>
	</object>
</annotation>
