<annotation>
	<folder>10</folder>
	<filename>21.jpg</filename>
	<path>/home/shubham/Desktop/labeling tak 2/DATA_LABELING_TASK_2/10/21.jpg</path>
	<source>
		<database>Unknown</database>
	</source>
	<size>
		<width>640</width>
		<height>480</height>
		<depth>3</depth>
	</size>
	<segmented>0</segmented>
	<object>
		<name>pipe_v</name>
		<pose>Unspecified</pose>
		<truncated>0</truncated>
		<difficult>0</difficult>
		<bndbox>
			<xmin>237</xmin>
			<ymin>2</ymin>
			<xmax>277</xmax>
			<ymax>134</ymax>
		</bndbox>
	</object>
	<object>
		<name>pipe_v</name>
		<pose>Unspecified</pose>
		<truncated>0</truncated>
		<difficult>0</difficult>
		<bndbox>
			<xmin>290</xmin>
			<ymin>175</ymin>
			<xmax>307</xmax>
			<ymax>246</ymax>
		</bndbox>
	</object>
	<object>
		<name>pipe_v</name>
		<pose>Unspecified</pose>
		<truncated>0</truncated>
		<difficult>0</difficult>
		<bndbox>
			<xmin>402</xmin>
			<ymin>160</ymin>
			<xmax>423</xmax>
			<ymax>230</ymax>
		</bndbox>
	</object>
	<object>
		<name>pipe_h</name>
		<pose>Unspecified</pose>
		<truncated>0</truncated>
		<difficult>0</difficult>
		<bndbox>
			<xmin>294</xmin>
			<ymin>223</ymin>
			<xmax>413</xmax>
			<ymax>246</ymax>
		</bndbox>
	</object>
	<object>
		<name>buoy_green</name>
		<pose>Unspecified</pose>
		<truncated>0</truncated>
		<difficult>0</difficult>
		<bndbox>
			<xmin>348</xmin>
			<ymin>222</ymin>
			<xmax>369</xmax>
			<ymax>243</ymax>
		</bndbox>
	</object>
	<object>
		<name>gate</name>
		<pose>Unspecified</pose>
		<truncated>0</truncated>
		<difficult>0</difficult>
		<bndbox>
			<xmin>297</xmin>
			<ymin>178</ymin>
			<xmax>411</xmax>
			<ymax>240</ymax>
		</bndbox>
	</object>
	<object>
		<name>buoy_green</name>
		<pose>Unspecified</pose>
		<truncated>0</truncated>
		<difficult>0</difficult>
		<bndbox>
			<xmin>469</xmin>
			<ymin>233</ymin>
			<xmax>493</xmax>
			<ymax>263</ymax>
		</bndbox>
	</object>
	<object>
		<name>buoy_red</name>
		<pose>Unspecified</pose>
		<truncated>0</truncated>
		<difficult>0</difficult>
		<bndbox>
			<xmin>569</xmin>
			<ymin>201</ymin>
			<xmax>598</xmax>
			<ymax>231</ymax>
		</bndbox>
	</object>
	<object>
		<name>path</name>
		<pose>Unspecified</pose>
		<truncated>0</truncated>
		<difficult>0</difficult>
		<bndbox>
			<xmin>437</xmin>
			<ymin>347</ymin>
			<xmax>477</xmax>
			<ymax>374</ymax>
		</bndbox>
	</object>
</annotation>
